,0_normal,1_ulcerative_colitis,2_polyps,3_esophagitis,accuracy,macro avg,weighted avg
precision,0.9771986970684039,0.8458333333333333,0.6982097186700768,0.9847328244274809,0.8616666666666667,0.8764936433748236,0.8764936433748236
recall,1.0,0.6766666666666666,0.91,0.86,0.8616666666666667,0.8616666666666667,0.8616666666666667
f1-score,0.9884678747940692,0.7518518518518519,0.7901591895803184,0.9181494661921707,0.8616666666666667,0.8621570956046025,0.8621570956046025
support,300.0,300.0,300.0,300.0,0.8616666666666667,1200.0,1200.0
