,0_normal,1_ulcerative_colitis,2_polyps,3_esophagitis,accuracy,macro avg,weighted avg
precision,0.9758620689655172,0.858085808580858,0.8547854785478548,0.9243421052631579,0.9025,0.903268865339347,0.9032688653393469
recall,0.9433333333333334,0.8666666666666667,0.8633333333333333,0.9366666666666666,0.9025,0.9025,0.9025
f1-score,0.9593220338983052,0.8623548922056384,0.8590381426202321,0.9304635761589404,0.9025,0.9027946612207791,0.9027946612207791
support,300.0,300.0,300.0,300.0,0.9025,1200.0,1200.0
