,0_normal,1_ulcerative_colitis,2_polyps,3_esophagitis,accuracy,macro avg,weighted avg,modelName,modelTag
precision,0.9983361064891847,0.9293650793650794,0.9767649687220733,0.9819524200164069,0.9710416666666667,0.971604643648186,0.9716046436481861,13B_AugVotingModels_TEST,13B
recall,1.0,0.9758333333333333,0.9108333333333334,0.9975,0.9710416666666667,0.9710416666666667,0.9710416666666667,13B_AugVotingModels_TEST,13B
f1-score,0.9991673605328892,0.9520325203252032,0.9426476929711083,0.989665150888797,0.9710416666666667,0.9708781811794995,0.9708781811794993,13B_AugVotingModels_TEST,13B
support,1200.0,1200.0,1200.0,1200.0,0.9710416666666667,4800.0,4800.0,13B_AugVotingModels_TEST,13B
