,0_normal,1_ulcerative_colitis,2_polyps,3_esophagitis,accuracy,macro avg,weighted avg
precision,1.0,0.976897689768977,0.9865319865319865,1.0,0.9908333333333333,0.9908574190752408,0.9908574190752407
recall,1.0,0.9866666666666667,0.9766666666666667,1.0,0.9908333333333333,0.9908333333333333,0.9908333333333333
f1-score,1.0,0.9817578772802654,0.981574539363484,1.0,0.9908333333333333,0.9908331041609373,0.9908331041609373
support,300.0,300.0,300.0,300.0,0.9908333333333333,1200.0,1200.0
