,0_normal,1_ulcerative_colitis,2_polyps,3_esophagitis,accuracy,macro avg,weighted avg
precision,0.9394904458598726,0.8606271777003485,0.8506944444444444,0.9228295819935691,0.895,0.8934104124995585,0.8934104124995585
recall,0.9833333333333333,0.8233333333333334,0.8166666666666667,0.9566666666666667,0.895,0.8949999999999999,0.895
f1-score,0.9609120521172638,0.8415672913117546,0.8333333333333334,0.9394435351882161,0.895,0.893814052987642,0.893814052987642
support,300.0,300.0,300.0,300.0,0.895,1200.0,1200.0
