,0_normal,1_ulcerative_colitis,2_polyps,3_esophagitis,accuracy,macro avg,weighted avg
precision,1.0,0.7891373801916933,0.8197879858657244,0.9868421052631579,0.8991666666666667,0.898941867830144,0.898941867830144
recall,1.0,0.8233333333333334,0.7733333333333333,1.0,0.8991666666666667,0.8991666666666667,0.8991666666666667
f1-score,1.0,0.8058727569331159,0.7958833619210977,0.9933774834437086,0.8991666666666667,0.8987834005744806,0.8987834005744805
support,300.0,300.0,300.0,300.0,0.8991666666666667,1200.0,1200.0
