,0_normal,1_ulcerative_colitis,2_polyps,3_esophagitis,accuracy,macro avg,weighted avg
precision,0.9308176100628931,0.8697183098591549,0.842809364548495,0.9364548494983278,0.8958333333333334,0.8949500334922176,0.8949500334922175
recall,0.9866666666666667,0.8233333333333334,0.84,0.9333333333333333,0.8958333333333334,0.8958333333333333,0.8958333333333334
f1-score,0.9579288025889968,0.8458904109589042,0.8414023372287145,0.9348914858096828,0.8958333333333334,0.8950282591465746,0.8950282591465746
support,300.0,300.0,300.0,300.0,0.8958333333333334,1200.0,1200.0
