,0_normal_RAYLEIGH,1_ulcerative_colitis_RAYLEIGH,2_polyps_RAYLEIGH,3_esophagitis_RAYLEIGH,accuracy,macro avg,weighted avg
precision,0.9383116883116883,0.8105590062111802,0.8435374149659864,0.9746376811594203,0.8891666666666667,0.8917614476620689,0.8917614476620689
recall,0.9633333333333334,0.87,0.8266666666666667,0.8966666666666666,0.8891666666666667,0.8891666666666667,0.8891666666666667
f1-score,0.9506578947368423,0.8392282958199357,0.835016835016835,0.9340277777777778,0.8891666666666667,0.8897327008378477,0.8897327008378477
support,300.0,300.0,300.0,300.0,0.8891666666666667,1200.0,1200.0
