,0_normal_MULTISCALE,1_ulcerative_colitis_MULTISCALE,2_polyps_MULTISCALE,3_esophagitis_MULTISCALE,accuracy,macro avg,weighted avg
precision,1.0,0.9862542955326461,0.9580645161290322,0.9933110367892977,0.9841666666666666,0.984407462112744,0.984407462112744
recall,1.0,0.9566666666666667,0.99,0.99,0.9841666666666666,0.9841666666666666,0.9841666666666666
f1-score,1.0,0.9712351945854484,0.9737704918032787,0.9916527545909849,0.9841666666666666,0.984164610244928,0.9841646102449282
support,300.0,300.0,300.0,300.0,0.9841666666666666,1200.0,1200.0
