,0_normal,1_ulcerative_colitis,2_polyps,3_esophagitis,accuracy,macro avg,weighted avg
precision,1.0,0.9865771812080537,0.9801324503311258,1.0,0.9916666666666667,0.9916774078847949,0.991677407884795
recall,1.0,0.98,0.9866666666666667,1.0,0.9916666666666667,0.9916666666666667,0.9916666666666667
f1-score,1.0,0.9832775919732442,0.983388704318937,1.0,0.9916666666666667,0.9916665740730453,0.9916665740730454
support,150.0,150.0,150.0,150.0,0.9916666666666667,600.0,600.0
