,0_normal_CLAHE,1_ulcerative_colitis_CLAHE,2_polyps_CLAHE,3_esophagitis_CLAHE,accuracy,macro avg,weighted avg
precision,0.9933774834437086,0.9897260273972602,0.9704918032786886,0.9966777408637874,0.9875,0.9875682637458612,0.9875682637458613
recall,1.0,0.9633333333333334,0.9866666666666667,1.0,0.9875,0.9875,0.9875
f1-score,0.9966777408637874,0.9763513513513514,0.9785123966942149,0.9983361064891847,0.9875,0.9874693988496346,0.9874693988496347
support,300.0,300.0,300.0,300.0,0.9875,1200.0,1200.0
