,0_normal_MULTISCALE,1_ulcerative_colitis_MULTISCALE,2_polyps_MULTISCALE,3_esophagitis_MULTISCALE,accuracy,macro avg,weighted avg
precision,1.0,0.8856209150326797,0.9094202898550725,0.9433962264150944,0.935,0.9346093578257118,0.9346093578257118
recall,1.0,0.9033333333333333,0.8366666666666667,1.0,0.935,0.935,0.935
f1-score,1.0,0.8943894389438944,0.8715277777777778,0.970873786407767,0.935,0.9341977507823598,0.9341977507823598
support,300.0,300.0,300.0,300.0,0.935,1200.0,1200.0
