,0_normal_MULTISCALE,1_ulcerative_colitis_MULTISCALE,2_polyps_MULTISCALE,3_esophagitis_MULTISCALE,accuracy,macro avg,weighted avg
precision,1.0,0.8766233766233766,0.8975265017667845,0.970873786407767,0.9366666666666666,0.936255916199482,0.9362559161994822
recall,1.0,0.9,0.8466666666666667,1.0,0.9366666666666666,0.9366666666666666,0.9366666666666666
f1-score,1.0,0.888157894736842,0.8713550600343053,0.9852216748768473,0.9366666666666666,0.9361836574119987,0.9361836574119985
support,300.0,300.0,300.0,300.0,0.9366666666666666,1200.0,1200.0
