,0_normal_MULTISCALE,1_ulcerative_colitis_MULTISCALE,2_polyps_MULTISCALE,3_esophagitis_MULTISCALE,accuracy,macro avg,weighted avg
precision,1.0,0.9175824175824175,0.6658476658476659,0.8898809523809523,0.8433333333333334,0.8683277589527589,0.8683277589527589
recall,0.9166666666666666,0.5566666666666666,0.9033333333333333,0.9966666666666667,0.8433333333333334,0.8433333333333333,0.8433333333333334
f1-score,0.9565217391304348,0.6929460580912863,0.7666195190947667,0.9402515723270439,0.8433333333333334,0.8390847221608829,0.8390847221608828
support,300.0,300.0,300.0,300.0,0.8433333333333334,1200.0,1200.0
