,0_normal,1_ulcerative_colitis,2_polyps,3_esophagitis,accuracy,macro avg,weighted avg
precision,0.9016393442622951,0.8659420289855072,0.8289473684210527,0.8793650793650793,0.8691666666666666,0.8689734552584836,0.8689734552584836
recall,0.9166666666666666,0.7966666666666666,0.84,0.9233333333333333,0.8691666666666666,0.8691666666666666,0.8691666666666666
f1-score,0.9090909090909091,0.8298611111111112,0.8344370860927153,0.9008130081300814,0.8691666666666666,0.8685505286062042,0.8685505286062043
support,300.0,300.0,300.0,300.0,0.8691666666666666,1200.0,1200.0
