,0_normal_CLAHE,1_ulcerative_colitis_CLAHE,2_polyps_CLAHE,3_esophagitis_CLAHE,accuracy,macro avg,weighted avg
precision,0.9933774834437086,0.9345454545454546,0.8709677419354839,0.9488817891373802,0.9366666666666666,0.9369431172655067,0.9369431172655068
recall,1.0,0.8566666666666667,0.9,0.99,0.9366666666666666,0.9366666666666668,0.9366666666666666
f1-score,0.9966777408637874,0.8939130434782608,0.8852459016393444,0.9690048939641109,0.9366666666666666,0.9362103949863758,0.9362103949863759
support,300.0,300.0,300.0,300.0,0.9366666666666666,1200.0,1200.0
