,0_normal_CLAHE,1_ulcerative_colitis_CLAHE,2_polyps_CLAHE,3_esophagitis_CLAHE,accuracy,macro avg,weighted avg
precision,1.0,0.9552715654952076,0.99644128113879,0.9803921568627451,0.9825,0.9830262508741857,0.9830262508741858
recall,1.0,0.9966666666666667,0.9333333333333333,1.0,0.9825,0.9824999999999999,0.9825
f1-score,1.0,0.9755301794453508,0.9638554216867469,0.99009900990099,0.9825,0.9823711527582719,0.9823711527582717
support,300.0,300.0,300.0,300.0,0.9825,1200.0,1200.0
