,Unnamed: 0,0_normal,1_ulcerative_colitis,2_polyps,3_esophagitis,accuracy,macro avg,weighted avg,modelName,modelTag
0,precision,0.9017341040462428,0.5638911788953009,0.6249067859806114,0.8013245033112583,0.71375,0.7229641430583533,0.7229641430583533,13_BaseModel1_CLAHE_TEST,13
1,recall,0.78,0.57,0.6983333333333334,0.8066666666666666,0.71375,0.71375,0.71375,13_BaseModel1_CLAHE_TEST,13
2,f1-score,0.8364611260053619,0.5669291338582677,0.6595828414010233,0.8039867109634552,0.71375,0.7167399530570271,0.7167399530570271,13_BaseModel1_CLAHE_TEST,13
3,support,1200.0,1200.0,1200.0,1200.0,0.71375,4800.0,4800.0,13_BaseModel1_CLAHE_TEST,13
