,Unnamed: 0,0_normal,1_ulcerative_colitis,2_polyps,3_esophagitis,accuracy,macro avg,weighted avg,modelName,modelTag
0,precision,0.9886547811993516,0.4314616019818332,0.8955696202531646,0.7183391003460208,0.62,0.7585062759450926,0.7585062759450927,13_BaseModel2_MULTISCALE_tunedAdamLrScheduler_TEST,13
1,recall,0.5083333333333333,0.8708333333333333,0.2358333333333333,0.865,0.62,0.62,0.62,13_BaseModel2_MULTISCALE_tunedAdamLrScheduler_TEST,13
2,f1-score,0.6714364336818931,0.5770292655991166,0.3733509234828496,0.7848771266540643,0.62,0.6016734373544809,0.6016734373544809,13_BaseModel2_MULTISCALE_tunedAdamLrScheduler_TEST,13
3,support,1200.0,1200.0,1200.0,1200.0,0.62,4800.0,4800.0,13_BaseModel2_MULTISCALE_tunedAdamLrScheduler_TEST,13
