,Unnamed: 0,0_normal,1_ulcerative_colitis,2_polyps,3_esophagitis,accuracy,macro avg,weighted avg,modelName,modelTag
0,precision,0.9966386554621848,0.829004329004329,0.9538745387453874,0.975438596491228,0.9335416666666668,0.9387390299257824,0.9387390299257824,13_TransferLearningFineTuning_ResNet50V2_RAYLEIGH_TEST,13
1,recall,0.9883333333333332,0.9575,0.8616666666666667,0.9266666666666666,0.9335416666666668,0.9335416666666668,0.9335416666666668,13_TransferLearningFineTuning_ResNet50V2_RAYLEIGH_TEST,13
2,f1-score,0.992468619246862,0.888631090487239,0.9054290718038528,0.9504273504273504,0.9335416666666668,0.934239032991326,0.934239032991326,13_TransferLearningFineTuning_ResNet50V2_RAYLEIGH_TEST,13
3,support,1200.0,1200.0,1200.0,1200.0,0.9335416666666668,4800.0,4800.0,13_TransferLearningFineTuning_ResNet50V2_RAYLEIGH_TEST,13
