,Unnamed: 0,0_normal,1_ulcerative_colitis,2_polyps,3_esophagitis,accuracy,macro avg,weighted avg,modelName,modelTag
0,precision,1.0,0.6293149229952204,0.9817400644468314,0.9755877034358048,0.8454166666666667,0.8966606727194641,0.8966606727194641,13_TransferLearningFineTuning_MobileNetV2_NORMAL_TEST,13
1,recall,0.7333333333333333,0.9875,0.7616666666666667,0.8991666666666667,0.8454166666666667,0.8454166666666667,0.8454166666666667,13_TransferLearningFineTuning_MobileNetV2_NORMAL_TEST,13
2,f1-score,0.846153846153846,0.768731754784301,0.8578132332238386,0.9358196010407632,0.8454166666666667,0.8521296088006872,0.8521296088006873,13_TransferLearningFineTuning_MobileNetV2_NORMAL_TEST,13
3,support,1200.0,1200.0,1200.0,1200.0,0.8454166666666667,4800.0,4800.0,13_TransferLearningFineTuning_MobileNetV2_NORMAL_TEST,13
