,Unnamed: 0,0_normal,1_ulcerative_colitis,2_polyps,3_esophagitis,accuracy,macro avg,weighted avg,modelName,modelTag
0,precision,0.8867542972699697,0.595360824742268,0.7566089334548769,0.8304647160068847,0.7491666666666666,0.7672971928684998,0.7672971928684998,13_TransferLearningFeatureExtraction_MobileNetV1_NORMAL_tunedAdamLrScheduler_TEST,13
1,recall,0.7308333333333333,0.77,0.6916666666666667,0.8041666666666667,0.7491666666666666,0.7491666666666666,0.7491666666666666,13_TransferLearningFeatureExtraction_MobileNetV1_NORMAL_tunedAdamLrScheduler_TEST,13
2,f1-score,0.8012791228871631,0.6715116279069767,0.7226817588158467,0.817104149026249,0.7491666666666666,0.7531441646590589,0.7531441646590588,13_TransferLearningFeatureExtraction_MobileNetV1_NORMAL_tunedAdamLrScheduler_TEST,13
3,support,1200.0,1200.0,1200.0,1200.0,0.7491666666666666,4800.0,4800.0,13_TransferLearningFeatureExtraction_MobileNetV1_NORMAL_tunedAdamLrScheduler_TEST,13
