,Unnamed: 0,0_normal,1_ulcerative_colitis,2_polyps,3_esophagitis,accuracy,macro avg,weighted avg,modelName,modelTag
0,precision,0.99815157116451,0.7561768530559168,0.9771547248182764,0.9506984387838948,0.904375,0.9205453969556494,0.9205453969556496,13_TransferLearningFineTuning_MobileNetV1_NORMAL_TEST,13
1,recall,0.9,0.9691666666666666,0.7841666666666667,0.9641666666666666,0.904375,0.904375,0.904375,13_TransferLearningFineTuning_MobileNetV1_NORMAL_TEST,13
2,f1-score,0.9465381244522348,0.8495252008765523,0.8700878409616275,0.9573851882498966,0.904375,0.9058840886350776,0.9058840886350776,13_TransferLearningFineTuning_MobileNetV1_NORMAL_TEST,13
3,support,1200.0,1200.0,1200.0,1200.0,0.904375,4800.0,4800.0,13_TransferLearningFineTuning_MobileNetV1_NORMAL_TEST,13
