,Unnamed: 0,0_normal,1_ulcerative_colitis,2_polyps,3_esophagitis,accuracy,macro avg,weighted avg,modelName,modelTag
0,precision,0.8601583113456465,0.6645962732919255,0.7642466822794691,0.9356913183279744,0.7902083333333333,0.8061731463112538,0.8061731463112538,13_TransferLearningFeatureExtraction_MobileNetV2_CLAHE_tunedAdamLrScheduler_TEST,13
1,recall,0.815,0.8025,0.8158333333333333,0.7275,0.7902083333333333,0.7902083333333333,0.7902083333333333,13_TransferLearningFeatureExtraction_MobileNetV2_CLAHE_tunedAdamLrScheduler_TEST,13
2,f1-score,0.8369704749679077,0.7270668176670442,0.7891979040709391,0.818565400843882,0.7902083333333333,0.7929501493874432,0.7929501493874433,13_TransferLearningFeatureExtraction_MobileNetV2_CLAHE_tunedAdamLrScheduler_TEST,13
3,support,1200.0,1200.0,1200.0,1200.0,0.7902083333333333,4800.0,4800.0,13_TransferLearningFeatureExtraction_MobileNetV2_CLAHE_tunedAdamLrScheduler_TEST,13
