,Unnamed: 0,0_normal,1_ulcerative_colitis,2_polyps,3_esophagitis,accuracy,macro avg,weighted avg,modelName,modelTag
0,precision,1.0,0.8843478260869565,0.8554817275747508,0.9614767255216692,0.9260416666666668,0.9253265697958442,0.9253265697958444,13A_TransferLearningFineTuning_ResNet50V1_CLAHE_tunedAdamLrScheduler,13A
1,recall,1.0,0.8475,0.8583333333333333,0.9983333333333332,0.9260416666666668,0.9260416666666668,0.9260416666666668,13A_TransferLearningFineTuning_ResNet50V1_CLAHE_tunedAdamLrScheduler,13A
2,f1-score,1.0,0.865531914893617,0.8569051580698834,0.9795584627964022,0.9260416666666668,0.9254988839399756,0.9254988839399756,13A_TransferLearningFineTuning_ResNet50V1_CLAHE_tunedAdamLrScheduler,13A
3,support,1200.0,1200.0,1200.0,1200.0,0.9260416666666668,4800.0,4800.0,13A_TransferLearningFineTuning_ResNet50V1_CLAHE_tunedAdamLrScheduler,13A
