,Unnamed: 0,0_normal,1_ulcerative_colitis,2_polyps,3_esophagitis,accuracy,macro avg,weighted avg,modelName,modelTag
0,precision,0.9482071713147412,0.8802698145025295,0.8776371308016878,0.9710391822827938,0.9195833333333332,0.919288324725438,0.919288324725438,13A_TransferLearningFeatureExtraction_MobileNetV1_NORMAL_tunedAdamLrScheduler,13A
1,recall,0.9916666666666668,0.87,0.8666666666666667,0.95,0.9195833333333332,0.9195833333333334,0.9195833333333332,13A_TransferLearningFeatureExtraction_MobileNetV1_NORMAL_tunedAdamLrScheduler,13A
2,f1-score,0.969450101832994,0.8751047778709137,0.8721174004192873,0.9604043807919124,0.9195833333333332,0.9192691652287768,0.9192691652287768,13A_TransferLearningFeatureExtraction_MobileNetV1_NORMAL_tunedAdamLrScheduler,13A
3,support,1200.0,1200.0,1200.0,1200.0,0.9195833333333332,4800.0,4800.0,13A_TransferLearningFeatureExtraction_MobileNetV1_NORMAL_tunedAdamLrScheduler,13A
