,Unnamed: 0,0_normal,1_ulcerative_colitis,2_polyps,3_esophagitis,accuracy,macro avg,weighted avg,modelName,modelTag
0,precision,0.936833470057424,0.8103025347506132,0.8389610389610389,0.9393183707398172,0.8816666666666667,0.8813538536272233,0.8813538536272233,13A_TransferLearningFineTuning_MobileNetV1_NORMAL,13A
1,recall,0.9516666666666668,0.8258333333333333,0.8075,0.9416666666666668,0.8816666666666667,0.8816666666666666,0.8816666666666667,13A_TransferLearningFineTuning_MobileNetV1_NORMAL,13A
2,f1-score,0.944191814799504,0.8179942220387949,0.8229299363057325,0.9404910528506034,0.8816666666666667,0.8814017564986587,0.8814017564986587,13A_TransferLearningFineTuning_MobileNetV1_NORMAL,13A
3,support,1200.0,1200.0,1200.0,1200.0,0.8816666666666667,4800.0,4800.0,13A_TransferLearningFineTuning_MobileNetV1_NORMAL,13A
