,Unnamed: 0,0_normal,1_ulcerative_colitis,2_polyps,3_esophagitis,accuracy,macro avg,weighted avg,modelName,modelTag
0,precision,0.8667699457784663,0.7867219917012448,0.8194070080862533,0.8782535684298909,0.8385416666666666,0.8377881284989639,0.8377881284989638,13A_TransferLearningFineTuning_ResNet50V2_RAYLEIGH,13A
1,recall,0.9325,0.79,0.76,0.8716666666666667,0.8385416666666666,0.8385416666666666,0.8385416666666666,13A_TransferLearningFineTuning_ResNet50V2_RAYLEIGH,13A
2,f1-score,0.8984343637093537,0.7883575883575884,0.7885862516212712,0.874947720618988,0.8385416666666666,0.8375814810768003,0.8375814810768003,13A_TransferLearningFineTuning_ResNet50V2_RAYLEIGH,13A
3,support,1200.0,1200.0,1200.0,1200.0,0.8385416666666666,4800.0,4800.0,13A_TransferLearningFineTuning_ResNet50V2_RAYLEIGH,13A
