,Unnamed: 0,0_normal,1_ulcerative_colitis,2_polyps,3_esophagitis,accuracy,macro avg,weighted avg,modelName,modelTag
0,precision,0.9786008230452676,0.9207266721717589,0.9326513213981245,0.9783513738551208,0.9527083333333334,0.952582547617568,0.952582547617568,13A_TransferLearningFeatureExtraction_MobileNetV2_CLAHE_tunedAdamLrScheduler,13A
1,recall,0.9908333333333332,0.9291666666666668,0.9116666666666666,0.9791666666666666,0.9527083333333334,0.9527083333333332,0.9527083333333334,13A_TransferLearningFeatureExtraction_MobileNetV2_CLAHE_tunedAdamLrScheduler,13A
2,f1-score,0.9846790890269153,0.9249274160099544,0.922039612305099,0.978758850478967,0.9527083333333334,0.952601241955234,0.952601241955234,13A_TransferLearningFeatureExtraction_MobileNetV2_CLAHE_tunedAdamLrScheduler,13A
3,support,1200.0,1200.0,1200.0,1200.0,0.9527083333333334,4800.0,4800.0,13A_TransferLearningFeatureExtraction_MobileNetV2_CLAHE_tunedAdamLrScheduler,13A
