,0_normal,1_ulcerative_colitis,2_polyps,3_esophagitis,accuracy,macro avg,weighted avg
precision,0.9456869009584664,0.8431372549019608,0.8561151079136691,0.9240924092409241,0.8933333333333333,0.8922579182537551,0.8922579182537551
recall,0.9866666666666667,0.86,0.7933333333333333,0.9333333333333333,0.8933333333333333,0.8933333333333333,0.8933333333333333
f1-score,0.965742251223491,0.8514851485148515,0.8235294117647058,0.9286898839137645,0.8933333333333333,0.8923616738542033,0.8923616738542033
support,300.0,300.0,300.0,300.0,0.8933333333333333,1200.0,1200.0
