,0_normal,1_ulcerative_colitis,2_polyps,3_esophagitis,accuracy,macro avg,weighted avg,modelName,modelTag
precision,0.858895706,0.827838828,0.816949153,0.905228758,0.853333333,0.852228111,0.852228111,11_TransferLearningFineTuning_ResNet50V2_RAYLEIGH_TEST,11
recall,0.933333333,0.753333333,0.803333333,0.923333333,0.853333333,0.853333333,0.853333333,11_TransferLearningFineTuning_ResNet50V2_RAYLEIGH_TEST,11
f1-score,0.89456869,0.788830716,0.810084034,0.914191419,0.853333333,0.851918715,0.851918715,11_TransferLearningFineTuning_ResNet50V2_RAYLEIGH_TEST,11
support,300,300,300,300,0.853333333,1200,1200,11_TransferLearningFineTuning_ResNet50V2_RAYLEIGH_TEST,11
