,0_normal_RAYLEIGH,1_ulcerative_colitis_RAYLEIGH,2_polyps_RAYLEIGH,3_esophagitis_RAYLEIGH,accuracy,macro avg,weighted avg,modelName,modelTag
precision,1,0.861702128,0.825806452,0.974025974,0.915833333,0.915383638,0.915383638,02_BaseModel2_RAYLEIGH_TEST,2
recall,1,0.81,0.853333333,1,0.915833333,0.915833333,0.915833333,02_BaseModel2_RAYLEIGH_TEST,2
f1-score,1,0.835051546,0.839344262,0.986842105,0.915833333,0.915309478,0.915309478,02_BaseModel2_RAYLEIGH_TEST,2
support,300,300,300,300,0.915833333,1200,1200,02_BaseModel2_RAYLEIGH_TEST,2
