,0_normal,1_ulcerative_colitis,2_polyps,3_esophagitis,accuracy,macro avg,weighted avg,modelName,modelTag
precision,0.993377483,0.823104693,0.78913738,0.970779221,0.895,0.894099694,0.894099694,11_BaseModel1_CLAHE_TEST,11
recall,1,0.76,0.823333333,0.996666667,0.895,0.895,0.895,11_BaseModel1_CLAHE_TEST,11
f1-score,0.996677741,0.790294627,0.805872757,0.983552632,0.895,0.894099439,0.894099439,11_BaseModel1_CLAHE_TEST,11
support,300,300,300,300,0.895,1200,1200,11_BaseModel1_CLAHE_TEST,11
