,0_normal,1_ulcerative_colitis,2_polyps,3_esophagitis,accuracy,macro avg,weighted avg,modelName,modelTag
precision,0.85106383,0.842105263,0.795597484,0.909407666,0.848333333,0.849543561,0.849543561,11_TransferLearningFineTuning_ResNet50V2_RAYLEIGH_TEST,11
recall,0.933333333,0.746666667,0.843333333,0.87,0.848333333,0.848333333,0.848333333,11_TransferLearningFineTuning_ResNet50V2_RAYLEIGH_TEST,11
f1-score,0.890302067,0.791519435,0.818770227,0.889267462,0.848333333,0.847464797,0.847464797,11_TransferLearningFineTuning_ResNet50V2_RAYLEIGH_TEST,11
support,300,300,300,300,0.848333333,1200,1200,11_TransferLearningFineTuning_ResNet50V2_RAYLEIGH_TEST,11
