,0_normal,1_ulcerative_colitis,2_polyps,3_esophagitis,accuracy,macro avg,weighted avg,modelName,modelTag
precision,0.935897436,0.819875776,0.862318841,0.95862069,0.893333333,0.894178186,0.894178186,11_TransferLearningFineTuning_MobileNetV1_NORMAL_TEST,11
recall,0.973333333,0.88,0.793333333,0.926666667,0.893333333,0.893333333,0.893333333,11_TransferLearningFineTuning_MobileNetV1_NORMAL_TEST,11
f1-score,0.954248366,0.848874598,0.826388889,0.942372881,0.893333333,0.892971184,0.892971184,11_TransferLearningFineTuning_MobileNetV1_NORMAL_TEST,11
support,300,300,300,300,0.893333333,1200,1200,11_TransferLearningFineTuning_MobileNetV1_NORMAL_TEST,11
