,0_normal,1_ulcerative_colitis,2_polyps,3_esophagitis,accuracy,macro avg,weighted avg,modelName,modelTag
precision,1,0.78913738,0.819787986,0.986842105,0.899166667,0.898941868,0.898941868,11A_BaseModel1_CLAHE_TEST,11A
recall,1,0.823333333,0.773333333,1,0.899166667,0.899166667,0.899166667,11A_BaseModel1_CLAHE_TEST,11A
f1-score,1,0.805872757,0.795883362,0.993377483,0.899166667,0.898783401,0.898783401,11A_BaseModel1_CLAHE_TEST,11A
support,300,300,300,300,0.899166667,1200,1200,11A_BaseModel1_CLAHE_TEST,11A
