,0_normal,1_ulcerative_colitis,2_polyps,3_esophagitis,accuracy,macro avg,weighted avg,modelName,modelTag
precision,0.996677741,0.948220065,0.979094077,0.99009901,0.978333333,0.978522723,0.978522723,12_AugVotingModels_TEST,12
recall,1,0.976666667,0.936666667,1,0.978333333,0.978333333,0.978333333,12_AugVotingModels_TEST,12
f1-score,0.998336106,0.962233169,0.957410562,0.995024876,0.978333333,0.978251178,0.978251178,12_AugVotingModels_TEST,12
support,300,300,300,300,0.978333333,1200,1200,12_AugVotingModels_TEST,12
