,0_normal_CLAHE,1_ulcerative_colitis_CLAHE,2_polyps_CLAHE,3_esophagitis_CLAHE,accuracy,macro avg,weighted avg,modelName,modelTag
precision,1,0.884615385,0.796407186,0.980392157,0.913333333,0.915353682,0.915353682,01_BaseModel1_CLAHE_tunedAdam,1
recall,1,0.766666667,0.886666667,1,0.913333333,0.913333333,0.913333333,01_BaseModel1_CLAHE_tunedAdam,1
f1-score,1,0.821428571,0.839116719,0.99009901,0.913333333,0.912661075,0.912661075,01_BaseModel1_CLAHE_tunedAdam,1
support,150,150,150,150,0.913333333,600,600,01_BaseModel1_CLAHE_tunedAdam,1
