,0_normal,1_ulcerative_colitis,2_polyps,3_esophagitis,accuracy,macro avg,weighted avg,modelName,modelTag
precision,0.894409938,0.810126582,0.875912409,0.972222222,0.886666667,0.888167788,0.888167788,11_TransferLearningFineTuning_MobileNetV1_NORMAL,11
recall,0.96,0.853333333,0.8,0.933333333,0.886666667,0.886666667,0.886666667,11_TransferLearningFineTuning_MobileNetV1_NORMAL,11
f1-score,0.926045016,0.831168831,0.836236934,0.952380952,0.886666667,0.886457933,0.886457933,11_TransferLearningFineTuning_MobileNetV1_NORMAL,11
support,150,150,150,150,0.886666667,600,600,11_TransferLearningFineTuning_MobileNetV1_NORMAL,11
