,0_normal,1_ulcerative_colitis,2_polyps,3_esophagitis,accuracy,macro avg,weighted avg,modelName,modelTag
precision,0.857142857,0.869230769,0.796052632,0.913333333,0.858333333,0.858939898,0.858939898,11A_TransferLearningFineTuning_ResNet50V2_RAYLEIGH,11A
recall,0.96,0.753333333,0.806666667,0.913333333,0.858333333,0.858333333,0.858333333,11A_TransferLearningFineTuning_ResNet50V2_RAYLEIGH,11A
f1-score,0.905660377,0.807142857,0.801324503,0.913333333,0.858333333,0.856865268,0.856865268,11A_TransferLearningFineTuning_ResNet50V2_RAYLEIGH,11A
support,150,150,150,150,0.858333333,600,600,11A_TransferLearningFineTuning_ResNet50V2_RAYLEIGH,11A
