,0_normal,1_ulcerative_colitis,2_polyps,3_esophagitis,accuracy,macro avg,weighted avg,modelName,modelTag
precision,0.986842105,0.952054795,0.94,0.986842105,0.966666667,0.966434751,0.966434751,12_AugVotingModels,12
recall,1,0.926666667,0.94,1,0.966666667,0.966666667,0.966666667,12_AugVotingModels,12
f1-score,0.993377483,0.939189189,0.94,0.993377483,0.966666667,0.966486039,0.966486039,12_AugVotingModels,12
support,150,150,150,150,0.966666667,600,600,12_AugVotingModels,12
