,0_normal,1_ulcerative_colitis,2_polyps,3_esophagitis,accuracy,macro avg,weighted avg
precision,0.8565217391304348,0.6218836565096952,0.6578512396694215,0.7716150081566069,0.7141666666666666,0.7269679108665397,0.7269679108665397
recall,0.6566666666666666,0.7483333333333333,0.6633333333333333,0.7883333333333333,0.7141666666666666,0.7141666666666666,0.7141666666666666
f1-score,0.7433962264150943,0.6792738275340393,0.6605809128630706,0.7798845836768342,0.7141666666666666,0.7157838876222595,0.7157838876222596
support,600.0,600.0,600.0,600.0,0.7141666666666666,2400.0,2400.0
