,0_normal,1_ulcerative_colitis,2_polyps,3_esophagitis,accuracy,macro avg,weighted avg
precision,0.9737704918032787,0.8954248366013072,0.9222614840989399,0.9444444444444444,0.9341666666666667,0.9339753142369926,0.9339753142369924
recall,0.99,0.9133333333333333,0.87,0.9633333333333334,0.9341666666666667,0.9341666666666667,0.9341666666666667
f1-score,0.9818181818181817,0.9042904290429042,0.895368782161235,0.9537953795379538,0.9341666666666667,0.9338181931400688,0.9338181931400686
support,300.0,300.0,300.0,300.0,0.9341666666666667,1200.0,1200.0
