,0_normal_MULTISCALE,1_ulcerative_colitis_MULTISCALE,2_polyps_MULTISCALE,3_esophagitis_MULTISCALE,accuracy,macro avg,weighted avg
precision,0.9868421052631579,0.9122807017543859,0.8771331058020477,0.9433962264150944,0.9308333333333333,0.9299130348086715,0.9299130348086715
recall,1.0,0.8666666666666667,0.8566666666666667,1.0,0.9308333333333333,0.9308333333333334,0.9308333333333333
f1-score,0.9933774834437086,0.8888888888888888,0.866779089376054,0.970873786407767,0.9308333333333333,0.9299798120291046,0.9299798120291046
support,300.0,300.0,300.0,300.0,0.9308333333333333,1200.0,1200.0
