,0_normal_CLAHE,1_ulcerative_colitis_CLAHE,2_polyps_CLAHE,3_esophagitis_CLAHE,accuracy,macro avg,weighted avg
precision,0.9579288025889967,0.8640776699029126,0.9107142857142857,0.9602649006622517,0.9233333333333333,0.9232464147171116,0.9232464147171118
recall,0.9866666666666667,0.89,0.85,0.9666666666666667,0.9233333333333333,0.9233333333333333,0.9233333333333333
f1-score,0.9720853858784894,0.8768472906403941,0.8793103448275861,0.9634551495016612,0.9233333333333333,0.9229245427120327,0.9229245427120327
support,300.0,300.0,300.0,300.0,0.9233333333333333,1200.0,1200.0
