,0_normal,1_ulcerative_colitis,2_polyps,3_esophagitis,accuracy,macro avg,weighted avg
precision,0.9364820846905537,0.872791519434629,0.828665568369028,0.9119086460032626,0.8879166666666667,0.8874619546243683,0.8874619546243685
recall,0.9583333333333334,0.8233333333333334,0.8383333333333334,0.9316666666666666,0.8879166666666667,0.8879166666666667,0.8879166666666667
f1-score,0.9472817133443164,0.8473413379073756,0.8334714167357085,0.921681780708986,0.8879166666666667,0.8874440621740967,0.8874440621740965
support,600.0,600.0,600.0,600.0,0.8879166666666667,2400.0,2400.0
