,0_normal,1_ulcerative_colitis,2_polyps,3_esophagitis,accuracy,macro avg,weighted avg
precision,1.0,0.9867109634551495,0.9866666666666667,1.0,0.9933333333333333,0.993344407530454,0.993344407530454
recall,1.0,0.99,0.9866666666666667,0.9966666666666667,0.9933333333333333,0.9933333333333333,0.9933333333333333
f1-score,1.0,0.9883527454242927,0.9866666666666668,0.9983305509181971,0.9933333333333333,0.9933374907522892,0.993337490752289
support,300.0,300.0,300.0,300.0,0.9933333333333333,1200.0,1200.0
