,0_normal_RAYLEIGH,1_ulcerative_colitis_RAYLEIGH,2_polyps_RAYLEIGH,3_esophagitis_RAYLEIGH,accuracy,macro avg,weighted avg
precision,1.0,0.9702970297029703,0.9795918367346939,0.9900990099009901,0.985,0.9849969690846636,0.9849969690846636
recall,1.0,0.98,0.96,1.0,0.985,0.985,0.985
f1-score,1.0,0.9751243781094527,0.9696969696969697,0.9950248756218906,0.985,0.9849615558570782,0.9849615558570783
support,300.0,300.0,300.0,300.0,0.985,1200.0,1200.0
