,0_normal,1_ulcerative_colitis,2_polyps,3_esophagitis,accuracy,macro avg,weighted avg
precision,0.8318318318318318,0.8122605363984674,0.692722371967655,0.9702127659574468,0.8116666666666666,0.8267568765388502,0.8267568765388502
recall,0.9233333333333333,0.7066666666666667,0.8566666666666667,0.76,0.8116666666666666,0.8116666666666665,0.8116666666666666
f1-score,0.8751974723538705,0.7557932263814616,0.7660208643815202,0.8523364485981308,0.8116666666666666,0.8123370029287458,0.8123370029287458
support,300.0,300.0,300.0,300.0,0.8116666666666666,1200.0,1200.0
