,0_normal_CLAHE,1_ulcerative_colitis_CLAHE,2_polyps_CLAHE,3_esophagitis_CLAHE,accuracy,macro avg,weighted avg
precision,0.9611650485436893,0.84472049689441,0.9222222222222223,0.9732441471571907,0.9241666666666667,0.9253379787043781,0.9253379787043781
recall,0.99,0.9066666666666666,0.83,0.97,0.9241666666666667,0.9241666666666666,0.9241666666666667
f1-score,0.9753694581280788,0.8745980707395499,0.8736842105263158,0.9716193656093489,0.9241666666666667,0.9238177762508234,0.9238177762508235
support,300.0,300.0,300.0,300.0,0.9241666666666667,1200.0,1200.0
