,0_normal_CLAHE,1_ulcerative_colitis_CLAHE,2_polyps_CLAHE,3_esophagitis_CLAHE,accuracy,macro avg,weighted avg
precision,1.0,0.8767605633802817,0.8366013071895425,0.9580645161290322,0.9183333333333333,0.9178565966747141,0.9178565966747143
recall,1.0,0.83,0.8533333333333334,0.99,0.9183333333333333,0.9183333333333334,0.9183333333333333
f1-score,1.0,0.8527397260273972,0.8448844884488449,0.9737704918032787,0.9183333333333333,0.9178486765698802,0.9178486765698801
support,300.0,300.0,300.0,300.0,0.9183333333333333,1200.0,1200.0
