,0_normal,1_ulcerative_colitis,2_polyps,3_esophagitis,accuracy,macro avg,weighted avg
precision,0.9545454545454546,0.3546099290780142,1.0,0.9923076923076923,0.54,0.8253657689827902,0.8253657689827902
recall,0.28,1.0,0.02,0.86,0.54,0.54,0.54
f1-score,0.43298969072164956,0.5235602094240838,0.0392156862745098,0.9214285714285715,0.54,0.4792985394622037,0.47929853946220363
support,150.0,150.0,150.0,150.0,0.54,600.0,600.0
