,0_normal,1_ulcerative_colitis,2_polyps,3_esophagitis,accuracy,macro avg,weighted avg
precision,1.0,0.9704918032786886,0.986159169550173,0.9803921568627451,0.9841666666666666,0.9842607824229017,0.9842607824229018
recall,1.0,0.9866666666666667,0.95,1.0,0.9841666666666666,0.9841666666666666,0.9841666666666666
f1-score,1.0,0.9785123966942149,0.967741935483871,0.99009900990099,0.9841666666666666,0.9840883355197689,0.9840883355197689
support,300.0,300.0,300.0,300.0,0.9841666666666666,1200.0,1200.0
