,0_normal,1_ulcerative_colitis,2_polyps,3_esophagitis,accuracy,macro avg,weighted avg
precision,1.0,0.86,0.8610169491525423,0.9836065573770492,0.9266666666666666,0.9261558766323978,0.9261558766323978
recall,1.0,0.86,0.8466666666666667,1.0,0.9266666666666666,0.9266666666666666,0.9266666666666666
f1-score,1.0,0.8599999999999999,0.853781512605042,0.9917355371900827,0.9266666666666666,0.9263792624487812,0.9263792624487811
support,300.0,300.0,300.0,300.0,0.9266666666666666,1200.0,1200.0
