,0_normal,1_ulcerative_colitis,2_polyps,3_esophagitis,accuracy,macro avg,weighted avg
precision,0.9981515711645101,0.7561768530559168,0.9771547248182763,0.9506984387838948,0.904375,0.9205453969556494,0.9205453969556496
recall,0.9,0.9691666666666666,0.7841666666666667,0.9641666666666666,0.904375,0.9043749999999999,0.904375
f1-score,0.9465381244522348,0.8495252008765523,0.8700878409616275,0.9573851882498966,0.904375,0.9058840886350777,0.9058840886350776
support,1200.0,1200.0,1200.0,1200.0,0.904375,4800.0,4800.0
