,0_normal_MULTISCALE,1_ulcerative_colitis_MULTISCALE,2_polyps_MULTISCALE,3_esophagitis_MULTISCALE,accuracy,macro avg,weighted avg
precision,0.9517684887459807,0.8514492753623188,0.8141891891891891,0.9463722397476341,0.8933333333333333,0.8909447982612807,0.8909447982612808
recall,0.9866666666666667,0.7833333333333333,0.8033333333333333,1.0,0.8933333333333333,0.8933333333333333,0.8933333333333333
f1-score,0.9689034369885434,0.8159722222222223,0.8087248322147651,0.9724473257698542,0.8933333333333333,0.8915119542988462,0.8915119542988462
support,300.0,300.0,300.0,300.0,0.8933333333333333,1200.0,1200.0
