,0_normal,1_ulcerative_colitis,2_polyps,3_esophagitis,accuracy,macro avg,weighted avg
precision,0.9358974358974359,0.8198757763975155,0.8623188405797102,0.9586206896551724,0.8933333333333333,0.8941781856324585,0.8941781856324583
recall,0.9733333333333334,0.88,0.7933333333333333,0.9266666666666666,0.8933333333333333,0.8933333333333334,0.8933333333333333
f1-score,0.954248366013072,0.8488745980707395,0.826388888888889,0.9423728813559322,0.8933333333333333,0.8929711835821581,0.8929711835821581
support,300.0,300.0,300.0,300.0,0.8933333333333333,1200.0,1200.0
