,0_normal,1_ulcerative_colitis,2_polyps,3_esophagitis,accuracy,macro avg,weighted avg
precision,0.9607843137254902,0.9131944444444444,0.8947368421052632,0.9602649006622517,0.9325,0.9322451252343624,0.9322451252343622
recall,0.98,0.8766666666666667,0.9066666666666666,0.9666666666666667,0.9325,0.9325,0.9325
f1-score,0.9702970297029702,0.8945578231292517,0.9006622516556291,0.9634551495016612,0.9325,0.9322430634973782,0.9322430634973781
support,300.0,300.0,300.0,300.0,0.9325,1200.0,1200.0
