,0_normal,1_ulcerative_colitis,2_polyps,3_esophagitis,accuracy,macro avg,weighted avg
precision,0.8772123893805309,0.6212737127371274,0.68019884009942,0.7831821929101401,0.7252083333333333,0.7404667837818046,0.7404667837818045
recall,0.6608333333333334,0.7641666666666667,0.6841666666666667,0.7916666666666666,0.7252083333333333,0.7252083333333333,0.7252083333333333
f1-score,0.7538022813688213,0.6853512705530642,0.682176983797258,0.7874015748031495,0.7252083333333333,0.7271830276305733,0.7271830276305732
support,1200.0,1200.0,1200.0,1200.0,0.7252083333333333,4800.0,4800.0
