,0_normal_MULTISCALE,1_ulcerative_colitis_MULTISCALE,2_polyps_MULTISCALE,3_esophagitis_MULTISCALE,accuracy,macro avg,weighted avg
precision,0.8689024390243902,0.8044280442804428,0.7948717948717948,0.823170731707317,0.825,0.8228432524709862,0.8228432524709863
recall,0.95,0.7266666666666667,0.7233333333333334,0.9,0.825,0.8250000000000001,0.825
f1-score,0.9076433121019108,0.7635726795096321,0.7574171029668412,0.8598726114649682,0.825,0.8221264265108381,0.8221264265108381
support,300.0,300.0,300.0,300.0,0.825,1200.0,1200.0
