,0_normal,1_ulcerative_colitis,2_polyps,3_esophagitis,accuracy,macro avg,weighted avg
precision,0.9900990099009901,0.976897689768977,0.993127147766323,0.9900990099009901,0.9875,0.9875557143343201,0.9875557143343199
recall,1.0,0.9866666666666667,0.9633333333333334,1.0,0.9875,0.9875,0.9875
f1-score,0.9950248756218906,0.9817578772802654,0.9780033840947546,0.9950248756218906,0.9875,0.9874527531547003,0.9874527531547002
support,300.0,300.0,300.0,300.0,0.9875,1200.0,1200.0
