,0_normal,1_ulcerative_colitis,2_polyps,3_esophagitis,accuracy,macro avg,weighted avg
precision,0.9933774834437086,0.9899328859060402,0.9831081081081081,0.9835526315789473,0.9875,0.9874927772592011,0.987492777259201
recall,1.0,0.9833333333333333,0.97,0.9966666666666667,0.9875,0.9874999999999999,0.9875
f1-score,0.9966777408637874,0.9866220735785953,0.9765100671140939,0.990066225165563,0.9875,0.98746902668051,0.9874690266805098
support,300.0,300.0,300.0,300.0,0.9875,1200.0,1200.0
