,0_normal,1_ulcerative_colitis,2_polyps,3_esophagitis,accuracy,macro avg,weighted avg
precision,0.8610271903323263,0.8371212121212122,0.7936507936507936,0.9275862068965517,0.8541666666666666,0.854846350750221,0.854846350750221
recall,0.95,0.7366666666666667,0.8333333333333334,0.8966666666666666,0.8541666666666666,0.8541666666666666,0.8541666666666666
f1-score,0.9033280507131538,0.7836879432624115,0.8130081300813008,0.9118644067796611,0.8541666666666666,0.8529721327091317,0.8529721327091317
support,300.0,300.0,300.0,300.0,0.8541666666666666,1200.0,1200.0
