,0_normal_MULTISCALE,1_ulcerative_colitis_MULTISCALE,2_polyps_MULTISCALE,3_esophagitis_MULTISCALE,accuracy,macro avg,weighted avg
precision,0.9367088607594937,0.8327868852459016,0.8697183098591549,0.9254237288135593,0.8916666666666667,0.8911594461695274,0.8911594461695274
recall,0.9866666666666667,0.8466666666666667,0.8233333333333334,0.91,0.8916666666666667,0.8916666666666667,0.8916666666666667
f1-score,0.961038961038961,0.8396694214876034,0.8458904109589042,0.9176470588235294,0.8916666666666667,0.8910614630772494,0.8910614630772494
support,300.0,300.0,300.0,300.0,0.8916666666666667,1200.0,1200.0
