,0_normal_MULTISCALE,1_ulcerative_colitis_MULTISCALE,2_polyps_MULTISCALE,3_esophagitis_MULTISCALE,accuracy,macro avg,weighted avg
precision,0.9314641744548287,0.7980456026058632,0.83984375,0.9462025316455697,0.8816666666666667,0.8788890146765654,0.8788890146765654
recall,0.9966666666666667,0.8166666666666667,0.7166666666666667,0.9966666666666667,0.8816666666666667,0.8816666666666667,0.8816666666666667
f1-score,0.9629629629629629,0.8072487644151564,0.7733812949640287,0.9707792207792209,0.8816666666666667,0.8785930607803423,0.8785930607803422
support,300.0,300.0,300.0,300.0,0.8816666666666667,1200.0,1200.0
