,0_normal_RAYLEIGH,1_ulcerative_colitis_RAYLEIGH,2_polyps_RAYLEIGH,3_esophagitis_RAYLEIGH,accuracy,macro avg,weighted avg
precision,1.0,0.967741935483871,1.0,0.9900990099009901,0.9891666666666666,0.9894602363462153,0.9894602363462152
recall,1.0,1.0,0.9566666666666667,1.0,0.9891666666666666,0.9891666666666666,0.9891666666666666
f1-score,1.0,0.9836065573770492,0.9778534923339013,0.9950248756218906,0.9891666666666666,0.9891212313332103,0.9891212313332102
support,300.0,300.0,300.0,300.0,0.9891666666666666,1200.0,1200.0
