,0_normal,1_ulcerative_colitis,2_polyps,3_esophagitis,accuracy,macro avg,weighted avg
precision,0.9248366013071896,0.8745387453874539,0.821875,0.9306930693069307,0.8875,0.8879858540003935,0.8879858540003935
recall,0.9433333333333334,0.79,0.8766666666666667,0.94,0.8875,0.8875000000000001,0.8875
f1-score,0.9339933993399341,0.8301225919439581,0.8483870967741935,0.9353233830845772,0.8875,0.8869566177856657,0.8869566177856658
support,300.0,300.0,300.0,300.0,0.8875,1200.0,1200.0
