,0_normal_RAYLEIGH,1_ulcerative_colitis_RAYLEIGH,2_polyps_RAYLEIGH,3_esophagitis_RAYLEIGH,accuracy,macro avg,weighted avg
precision,0.9933774834437086,0.8932384341637011,0.862876254180602,0.9433962264150944,0.9241666666666667,0.9232220995507765,0.9232220995507765
recall,1.0,0.8366666666666667,0.86,1.0,0.9241666666666667,0.9241666666666667,0.9241666666666667
f1-score,0.9966777408637874,0.864027538726334,0.8614357262103506,0.970873786407767,0.9241666666666667,0.9232536980520597,0.9232536980520598
support,300.0,300.0,300.0,300.0,0.9241666666666667,1200.0,1200.0
