,0_normal,1_ulcerative_colitis,2_polyps,3_esophagitis,accuracy,macro avg,weighted avg
precision,0.8414634146341463,0.8270676691729323,0.6935483870967742,0.9572649572649573,0.815,0.8298361070422026,0.8298361070422026
recall,0.92,0.7333333333333333,0.86,0.7466666666666667,0.815,0.815,0.815
f1-score,0.8789808917197452,0.7773851590106007,0.7678571428571428,0.8389513108614233,0.815,0.815793626112228,0.8157936261122279
support,150.0,150.0,150.0,150.0,0.815,600.0,600.0
