,0_normal,1_ulcerative_colitis,2_polyps,3_esophagitis,accuracy,macro avg,weighted avg
precision,0.9117647058823529,0.8597785977859779,0.7927927927927928,0.9172413793103448,0.8683333333333333,0.870394368942867,0.870394368942867
recall,0.93,0.7766666666666666,0.88,0.8866666666666667,0.8683333333333333,0.8683333333333333,0.8683333333333333
f1-score,0.9207920792079208,0.8161120840630472,0.8341232227488151,0.9016949152542374,0.8683333333333333,0.8681805753185051,0.8681805753185051
support,300.0,300.0,300.0,300.0,0.8683333333333333,1200.0,1200.0
