,0_normal_CLAHE,1_ulcerative_colitis_CLAHE,2_polyps_CLAHE,3_esophagitis_CLAHE,accuracy,macro avg,weighted avg
precision,0.9966777408637874,0.875,0.9081272084805654,0.9802631578947368,0.94,0.9400170268097724,0.9400170268097725
recall,1.0,0.91,0.8566666666666667,0.9933333333333333,0.94,0.94,0.94
f1-score,0.9983361064891847,0.892156862745098,0.8816466552315609,0.9867549668874172,0.94,0.9397236478383152,0.9397236478383153
support,300.0,300.0,300.0,300.0,0.94,1200.0,1200.0
