,0_normal,1_ulcerative_colitis,2_polyps,3_esophagitis,accuracy,macro avg,weighted avg
precision,0.9966777408637874,0.790625,0.8321167883211679,0.9836065573770492,0.9008333333333334,0.9007565216405011,0.9007565216405011
recall,1.0,0.8433333333333334,0.76,1.0,0.9008333333333334,0.9008333333333334,0.9008333333333334
f1-score,0.9983361064891847,0.8161290322580645,0.794425087108014,0.9917355371900827,0.9008333333333334,0.9001564407613365,0.9001564407613364
support,300.0,300.0,300.0,300.0,0.9008333333333334,1200.0,1200.0
