,0_normal,1_ulcerative_colitis,2_polyps,3_esophagitis,accuracy,macro avg,weighted avg
precision,0.974025974025974,0.9861111111111112,0.9795918367346939,0.967741935483871,0.9766666666666667,0.9768677143389125,0.9768677143389124
recall,1.0,0.9466666666666667,0.96,1.0,0.9766666666666667,0.9766666666666667,0.9766666666666667
f1-score,0.9868421052631579,0.9659863945578231,0.9696969696969697,0.9836065573770492,0.9766666666666667,0.9765330067237499,0.97653300672375
support,300.0,300.0,300.0,300.0,0.9766666666666667,1200.0,1200.0
