,0_normal,1_ulcerative_colitis,2_polyps,3_esophagitis,accuracy,macro avg,weighted avg
precision,0.857871720116618,0.6689053055742109,0.8239202657807309,0.944980694980695,0.8116666666666666,0.8239194966130637,0.8239194966130637
recall,0.9808333333333333,0.83,0.62,0.8158333333333333,0.8116666666666666,0.8116666666666666,0.8116666666666666
f1-score,0.9152410575427682,0.740795834882856,0.7075606276747503,0.8756708407871199,0.8116666666666666,0.8098170902218736,0.8098170902218735
support,1200.0,1200.0,1200.0,1200.0,0.8116666666666666,4800.0,4800.0
