,0_normal_MULTISCALE,1_ulcerative_colitis_MULTISCALE,2_polyps_MULTISCALE,3_esophagitis_MULTISCALE,accuracy,macro avg,weighted avg
precision,0.9966777408637874,0.864951768488746,0.9074074074074074,0.9433962264150944,0.9283333333333333,0.9281082857937588,0.9281082857937588
recall,1.0,0.8966666666666666,0.8166666666666667,1.0,0.9283333333333333,0.9283333333333332,0.9283333333333333
f1-score,0.9983361064891847,0.8805237315875614,0.8596491228070176,0.970873786407767,0.9283333333333333,0.9273456868228827,0.9273456868228827
support,300.0,300.0,300.0,300.0,0.9283333333333333,1200.0,1200.0
