,0_normal_RAYLEIGH,1_ulcerative_colitis_RAYLEIGH,2_polyps_RAYLEIGH,3_esophagitis_RAYLEIGH,accuracy,macro avg,weighted avg
precision,1.0,0.83,0.8315789473684211,0.9492063492063492,0.9041666666666667,0.9026963241436925,0.9026963241436925
recall,1.0,0.83,0.79,0.9966666666666667,0.9041666666666667,0.9041666666666667,0.9041666666666667
f1-score,1.0,0.83,0.8102564102564104,0.9723577235772357,0.9041666666666667,0.9031535334584115,0.9031535334584115
support,300.0,300.0,300.0,300.0,0.9041666666666667,1200.0,1200.0
