,0_normal,1_ulcerative_colitis,2_polyps,3_esophagitis,accuracy,macro avg,weighted avg,modelName,modelTag
precision,0.981684982,0.578431373,0.734482759,0.995633188,0.7875,0.822558075,0.822558075,14_BaseModel1_CLAHE_TEST,14
recall,0.893333333,0.786666667,0.71,0.76,0.7875,0.7875,0.7875,14_BaseModel1_CLAHE_TEST,14
f1-score,0.935427574,0.666666667,0.722033898,0.862003781,0.7875,0.79653298,0.79653298,14_BaseModel1_CLAHE_TEST,14
support,300,300,300,300,0.7875,1200,1200,14_BaseModel1_CLAHE_TEST,14
