,0_normal,1_ulcerative_colitis,2_polyps,3_esophagitis,accuracy,macro avg,weighted avg,modelName,modelTag
precision,0.996666667,0.930555556,0.889230769,0.993031359,0.950833333,0.952371088,0.952371088,14_TransferLearningFineTuning_ResNet50V2_RAYLEIGH_TEST,14
recall,0.996666667,0.893333333,0.963333333,0.95,0.950833333,0.950833333,0.950833333,14_TransferLearningFineTuning_ResNet50V2_RAYLEIGH_TEST,14
f1-score,0.996666667,0.911564626,0.9248,0.971039182,0.950833333,0.951017619,0.951017619,14_TransferLearningFineTuning_ResNet50V2_RAYLEIGH_TEST,14
support,300,300,300,300,0.950833333,1200,1200,14_TransferLearningFineTuning_ResNet50V2_RAYLEIGH_TEST,14
