,0_normal,1_ulcerative_colitis,2_polyps,3_esophagitis,accuracy,macro avg,weighted avg
precision,0.8588957055214724,0.8278388278388278,0.8169491525423729,0.9052287581699346,0.8533333333333334,0.8522281110181519,0.8522281110181518
recall,0.9333333333333333,0.7533333333333333,0.8033333333333333,0.9233333333333333,0.8533333333333334,0.8533333333333333,0.8533333333333334
f1-score,0.8945686900958466,0.7888307155322862,0.8100840336134454,0.9141914191419143,0.8533333333333334,0.8519187145958732,0.8519187145958731
support,300.0,300.0,300.0,300.0,0.8533333333333334,1200.0,1200.0
