,0_normal,1_ulcerative_colitis,2_polyps,3_esophagitis,accuracy,macro avg,weighted avg
precision,0.9456869009584664,0.8609271523178808,0.8981818181818182,0.9483870967741935,0.9141666666666667,0.9132957420580896,0.9132957420580897
recall,0.9866666666666667,0.8666666666666667,0.8233333333333334,0.98,0.9141666666666667,0.9141666666666667,0.9141666666666667
f1-score,0.965742251223491,0.8637873754152824,0.8591304347826086,0.9639344262295082,0.9141666666666667,0.9131486219127225,0.9131486219127225
support,300.0,300.0,300.0,300.0,0.9141666666666667,1200.0,1200.0
