,0_normal_CLAHE,1_ulcerative_colitis_CLAHE,2_polyps_CLAHE,3_esophagitis_CLAHE,accuracy,macro avg,weighted avg
precision,0.9966777408637874,0.8284789644012945,0.8540925266903915,0.9644012944983819,0.9116666666666666,0.9109126316134638,0.9109126316134638
recall,1.0,0.8533333333333334,0.8,0.9933333333333333,0.9116666666666666,0.9116666666666666,0.9116666666666666
f1-score,0.9983361064891847,0.8407224958949098,0.8261617900172117,0.9786535303776683,0.9116666666666666,0.9109684806947437,0.9109684806947436
support,300.0,300.0,300.0,300.0,0.9116666666666666,1200.0,1200.0
