,0_normal,1_ulcerative_colitis,2_polyps,3_esophagitis,accuracy,macro avg,weighted avg
precision,0.9803921568627451,0.8432835820895522,0.7899686520376176,0.9674267100977199,0.8958333333333334,0.8952677752719087,0.8952677752719086
recall,1.0,0.7533333333333333,0.84,0.99,0.8958333333333334,0.8958333333333333,0.8958333333333334
f1-score,0.99009900990099,0.7957746478873239,0.81421647819063,0.9785831960461285,0.8958333333333334,0.8946683330062681,0.8946683330062681
support,300.0,300.0,300.0,300.0,0.8958333333333334,1200.0,1200.0
