,0_normal,1_ulcerative_colitis,2_polyps,3_esophagitis,accuracy,macro avg,weighted avg
precision,0.9868421052631579,0.8456140350877193,0.8157894736842105,0.9674267100977199,0.905,0.9039180810332019,0.9039180810332018
recall,1.0,0.8033333333333333,0.8266666666666667,0.99,0.905,0.905,0.905
f1-score,0.9933774834437086,0.823931623931624,0.8211920529801323,0.9785831960461285,0.905,0.9042710891003983,0.9042710891003984
support,300.0,300.0,300.0,300.0,0.905,1200.0,1200.0
