,0_normal,1_ulcerative_colitis,2_polyps,3_esophagitis,accuracy,macro avg,weighted avg
precision,1.0,0.8372093023255814,0.8456140350877193,0.9554140127388535,0.9108333333333334,0.9095593375380386,0.9095593375380385
recall,1.0,0.84,0.8033333333333333,1.0,0.9108333333333334,0.9108333333333333,0.9108333333333334
f1-score,1.0,0.8386023294509151,0.823931623931624,0.9771986970684039,0.9108333333333334,0.9099331626127357,0.9099331626127357
support,300.0,300.0,300.0,300.0,0.9108333333333334,1200.0,1200.0
