,0_normal_CLAHE,1_ulcerative_colitis_CLAHE,2_polyps_CLAHE,3_esophagitis_CLAHE,accuracy,macro avg,weighted avg
precision,0.9554140127388535,0.8473520249221184,0.9120879120879121,0.9828767123287672,0.9233333333333333,0.9244326655194127,0.9244326655194127
recall,1.0,0.9066666666666666,0.83,0.9566666666666667,0.9233333333333333,0.9233333333333333,0.9233333333333333
f1-score,0.9771986970684039,0.8760064412238324,0.869109947643979,0.9695945945945946,0.9233333333333333,0.9229774201327026,0.9229774201327026
support,300.0,300.0,300.0,300.0,0.9233333333333333,1200.0,1200.0
