06_TransferLearningFeatureExtraction_MobileNetV2_MULTISCALE_TEST,,,,,,,
,0_normal_MULTISCALE,1_ulcerative_colitis_MULTISCALE,2_polyps_MULTISCALE,3_esophagitis_MULTISCALE,accuracy,macro avg,weighted avg
precision,0.936708861,0.832786885,0.86971831,0.925423729,0.891666667,0.891159446,0.891159446
recall,0.986666667,0.846666667,0.823333333,0.91,0.891666667,0.891666667,0.891666667
f1-score,0.961038961,0.839669421,0.845890411,0.917647059,0.891666667,0.891061463,0.891061463
support,300,300,300,300,0.891666667,1200,1200
