,0_normal,1_ulcerative_colitis,2_polyps,3_esophagitis,accuracy,macro avg,weighted avg,modelName,modelTag
precision,0.992481203,0.607526882,0.711656442,1,0.798333333,0.827916132,0.827916132,14_BaseModel1_CLAHE,14
recall,0.88,0.753333333,0.773333333,0.786666667,0.798333333,0.798333333,0.798333333,14_BaseModel1_CLAHE,14
f1-score,0.932862191,0.672619048,0.741214058,0.880597015,0.798333333,0.806823078,0.806823078,14_BaseModel1_CLAHE,14
support,150,150,150,150,0.798333333,600,600,14_BaseModel1_CLAHE,14
