,0_normal,1_ulcerative_colitis,2_polyps,3_esophagitis,accuracy,macro avg,weighted avg,modelName,modelTag
precision,0.986842105,0.955882353,0.89375,0.973684211,0.951666667,0.952539667,0.952539667,14_TransferLearningFineTuning_ResNet50V2_RAYLEIGH,14
recall,1,0.866666667,0.953333333,0.986666667,0.951666667,0.951666667,0.951666667,14_TransferLearningFineTuning_ResNet50V2_RAYLEIGH,14
f1-score,0.993377483,0.909090909,0.922580645,0.98013245,0.951666667,0.951295372,0.951295372,14_TransferLearningFineTuning_ResNet50V2_RAYLEIGH,14
support,150,150,150,150,0.951666667,600,600,14_TransferLearningFineTuning_ResNet50V2_RAYLEIGH,14
