,0_normal,1_ulcerative_colitis,2_polyps,3_esophagitis,accuracy,macro avg,weighted avg
precision,0.9966666666666667,0.9305555555555556,0.8892307692307693,0.9930313588850174,0.9508333333333333,0.9523710875845023,0.9523710875845022
recall,0.9966666666666667,0.8933333333333333,0.9633333333333334,0.95,0.9508333333333333,0.9508333333333334,0.9508333333333333
f1-score,0.9966666666666667,0.9115646258503401,0.9248000000000001,0.9710391822827938,0.9508333333333333,0.9510176186999503,0.9510176186999502
support,300.0,300.0,300.0,300.0,0.9508333333333333,1200.0,1200.0
