,0_normal_RAYLEIGH,1_ulcerative_colitis_RAYLEIGH,2_polyps_RAYLEIGH,3_esophagitis_RAYLEIGH,accuracy,macro avg,weighted avg
precision,0.8416149068322981,0.7078651685393258,0.8178137651821862,0.9163636363636364,0.8141666666666667,0.8209143692293617,0.8209143692293617
recall,0.9033333333333333,0.84,0.6733333333333333,0.84,0.8141666666666667,0.8141666666666666,0.8141666666666667
f1-score,0.8713826366559485,0.7682926829268292,0.7385740402193784,0.8765217391304347,0.8141666666666667,0.8136927747331477,0.8136927747331477
support,300.0,300.0,300.0,300.0,0.8141666666666667,1200.0,1200.0
