,0_normal,1_ulcerative_colitis,2_polyps,3_esophagitis,accuracy,macro avg,weighted avg
precision,0.9788732394366197,0.7981927710843374,0.8610169491525423,0.9550173010380623,0.8941666666666667,0.8982750651778905,0.8982750651778906
recall,0.9266666666666666,0.8833333333333333,0.8466666666666667,0.92,0.8941666666666667,0.8941666666666667,0.8941666666666667
f1-score,0.952054794520548,0.8386075949367088,0.853781512605042,0.937181663837012,0.8941666666666667,0.8954063914748277,0.8954063914748277
support,300.0,300.0,300.0,300.0,0.8941666666666667,1200.0,1200.0
