,0_normal,1_ulcerative_colitis,2_polyps,3_esophagitis,accuracy,macro avg,weighted avg
precision,0.9552715654952076,0.8531746031746031,0.7753846153846153,0.9516129032258065,0.8841666666666667,0.8838609218200582,0.883860921820058
recall,0.9966666666666667,0.7166666666666667,0.84,0.9833333333333333,0.8841666666666667,0.8841666666666667,0.8841666666666667
f1-score,0.9755301794453508,0.7789855072463768,0.8063999999999999,0.9672131147540983,0.8841666666666667,0.8820322003614565,0.8820322003614566
support,300.0,300.0,300.0,300.0,0.8841666666666667,1200.0,1200.0
