,0_normal_MULTISCALE,1_ulcerative_colitis_MULTISCALE,2_polyps_MULTISCALE,3_esophagitis_MULTISCALE,accuracy,macro avg,weighted avg
precision,1.0,0.872852233676976,0.8523489932885906,0.9646302250803859,0.9233333333333333,0.9224578630114881,0.922457863011488
recall,1.0,0.8466666666666667,0.8466666666666667,1.0,0.9233333333333333,0.9233333333333333,0.9233333333333333
f1-score,1.0,0.8595600676818951,0.8494983277591973,0.9819967266775776,0.9233333333333333,0.9227637805296676,0.9227637805296676
support,300.0,300.0,300.0,300.0,0.9233333333333333,1200.0,1200.0
