,0_normal_MULTISCALE,1_ulcerative_colitis_MULTISCALE,2_polyps_MULTISCALE,3_esophagitis_MULTISCALE,accuracy,macro avg,weighted avg
precision,0.9076923076923077,0.7986577181208053,0.8413284132841329,0.9248366013071896,0.87,0.868128760101109,0.8681287601011088
recall,0.9833333333333333,0.7933333333333333,0.76,0.9433333333333334,0.87,0.87,0.87
f1-score,0.944,0.7959866220735786,0.798598949211909,0.9339933993399341,0.87,0.8681447426563554,0.8681447426563554
support,300.0,300.0,300.0,300.0,0.87,1200.0,1200.0
