,0_normal,1_ulcerative_colitis,2_polyps,3_esophagitis,accuracy,macro avg,weighted avg
precision,0.9337539432176656,0.869281045751634,0.8876404494382022,0.9290322580645162,0.9058333333333334,0.9049269241180046,0.9049269241180043
recall,0.9866666666666667,0.8866666666666667,0.79,0.96,0.9058333333333334,0.9058333333333334,0.9058333333333334
f1-score,0.959481361426256,0.877887788778878,0.8359788359788359,0.9442622950819672,0.9058333333333334,0.9044025703164842,0.9044025703164842
support,300.0,300.0,300.0,300.0,0.9058333333333334,1200.0,1200.0
