,0_normal_CLAHE,1_ulcerative_colitis_CLAHE,2_polyps_CLAHE,3_esophagitis_CLAHE,accuracy,macro avg,weighted avg
precision,0.921875,0.8263888888888888,0.8277027027027027,0.956081081081081,0.8841666666666667,0.8830119181681682,0.8830119181681682
recall,0.9833333333333333,0.7933333333333333,0.8166666666666667,0.9433333333333334,0.8841666666666667,0.8841666666666667,0.8841666666666667
f1-score,0.9516129032258064,0.8095238095238094,0.8221476510067114,0.9496644295302014,0.8841666666666667,0.8832371983216322,0.8832371983216322
support,300.0,300.0,300.0,300.0,0.8841666666666667,1200.0,1200.0
