,0_normal,1_ulcerative_colitis,2_polyps,3_esophagitis,accuracy,macro avg,weighted avg
precision,0.9932998324958124,0.836764705882353,0.9501845018450185,0.9759036144578314,0.935,0.9390381636702538,0.9390381636702538
recall,0.9883333333333333,0.9483333333333334,0.8583333333333333,0.945,0.935,0.9349999999999999,0.935
f1-score,0.9908103592314118,0.8890625000000001,0.9019264448336252,0.9602032176121931,0.935,0.9355006304193075,0.9355006304193074
support,600.0,600.0,600.0,600.0,0.935,2400.0,2400.0
