,0_normal_CLAHE,1_ulcerative_colitis_CLAHE,2_polyps_CLAHE,3_esophagitis_CLAHE,accuracy,macro avg,weighted avg
precision,1.0,0.8615916955017301,0.8366666666666667,0.9614147909967846,0.9158333333333334,0.9149182882912953,0.9149182882912953
recall,1.0,0.83,0.8366666666666667,0.9966666666666667,0.9158333333333334,0.9158333333333334,0.9158333333333334
f1-score,1.0,0.8455008488964346,0.8366666666666667,0.9787234042553191,0.9158333333333334,0.9152227299546051,0.9152227299546051
support,300.0,300.0,300.0,300.0,0.9158333333333334,1200.0,1200.0
