,0_normal,1_ulcerative_colitis,2_polyps,3_esophagitis,accuracy,macro avg,weighted avg
precision,0.9373040752351097,0.9228187919463087,0.9305555555555556,0.9661016949152542,0.9391666666666667,0.9391950294130571,0.9391950294130572
recall,0.9966666666666667,0.9166666666666666,0.8933333333333333,0.95,0.9391666666666667,0.9391666666666667,0.9391666666666667
f1-score,0.9660743134087237,0.9197324414715717,0.9115646258503401,0.957983193277311,0.9391666666666667,0.9388386435019866,0.9388386435019868
support,300.0,300.0,300.0,300.0,0.9391666666666667,1200.0,1200.0
