,0_normal_RAYLEIGH,1_ulcerative_colitis_RAYLEIGH,2_polyps_RAYLEIGH,3_esophagitis_RAYLEIGH,accuracy,macro avg,weighted avg
precision,0.9413680781758957,0.7875,0.8188405797101449,0.936026936026936,0.8708333333333333,0.8709338984782442,0.8709338984782442
recall,0.9633333333333334,0.84,0.7533333333333333,0.9266666666666666,0.8708333333333333,0.8708333333333333,0.8708333333333333
f1-score,0.9522240527182866,0.8129032258064516,0.7847222222222221,0.9313232830820769,0.8708333333333333,0.8702931959572593,0.8702931959572593
support,300.0,300.0,300.0,300.0,0.8708333333333333,1200.0,1200.0
