,PSNR_CLAHE,,,PSNR_MULTISCALE,,,PSNR_RAYLEIGH,,,SSIM_CLAHE,,,SSIM_MULTISCALE,,,SSIM_RAYLEIGH,,,MSE_CLAHE,,,MSE_MULTISCALE,,,MSE_RAYLEIGH,,
,mean,median,std,mean,median,std,mean,median,std,mean,median,std,mean,median,std,mean,median,std,mean,median,std,mean,median,std,mean,median,std
class,,,,,,,,,,,,,,,,,,,,,,,,,,,
0_normal,20.26268001,20.19232971,1.070183373,12.97856162,11.94519548,1.91103318,15.77802419,15.8484451,1.486211159,0.760749532,0.723232615,0.068744385,0.714419022,0.685060522,0.054368006,0.804252574,0.808933206,0.044842303,629.9653243,622.0816736,146.5111875,3562.548653,4154.902268,1296.224424,1822.328673,1691.359205,649.8921765
1_ulcerative_colitis,18.96563272,19.12978782,1.844516102,12.86064226,12.96702516,1.663124566,14.41503531,14.5126476,2.054843986,0.730803914,0.762123023,0.080073679,0.709927566,0.72518598,0.070981892,0.687885873,0.694223298,0.087643399,920.3063237,794.5141137,585.489921,3619.352579,3283.809029,1411.189356,2625.628823,2300.464933,1240.731072
2_polyps,19.91474896,20.03727466,2.016963438,11.70178728,11.51062703,1.079177021,15.09143983,15.17699962,1.653446252,0.727920152,0.751738233,0.078872737,0.671149544,0.669005971,0.049558017,0.726756417,0.738826028,0.068595342,748.3688937,644.6929131,474.001951,4515.129158,4592.166838,959.9498617,2165.772012,1974.151222,861.1301725
3_esophagitis,14.38528724,13.88466339,2.239358541,14.69711805,14.75134926,1.949905228,14.87359356,14.61836735,1.93062018,0.492880859,0.472071698,0.101494317,0.736167253,0.730230465,0.054657191,0.663732012,0.66529917,0.06849286,2576.536941,2658.361422,728.0312052,2423.514324,2177.436181,1014.083555,2314.239105,2245.141056,922.3786063
