,0_normal,1_ulcerative_colitis,2_polyps,3_esophagitis,accuracy,macro avg,weighted avg
precision,0.9868421052631579,0.95,0.9595959595959596,0.9832775919732442,0.97,0.9699289142080902,0.9699289142080904
recall,1.0,0.95,0.95,0.98,0.97,0.97,0.97
f1-score,0.9933774834437086,0.9500000000000001,0.9547738693467336,0.9816360601001669,0.97,0.9699468532226523,0.9699468532226522
support,300.0,300.0,300.0,300.0,0.97,1200.0,1200.0
