,0_normal_RAYLEIGH,1_ulcerative_colitis_RAYLEIGH,2_polyps_RAYLEIGH,3_esophagitis_RAYLEIGH,accuracy,macro avg,weighted avg
precision,0.8950617283950617,0.8013937282229965,0.7986577181208053,0.9347079037800687,0.8583333333333333,0.8574552696297331,0.857455269629733
recall,0.9666666666666667,0.7666666666666667,0.7933333333333333,0.9066666666666666,0.8583333333333333,0.8583333333333334,0.8583333333333333
f1-score,0.9294871794871795,0.7836456558773425,0.7959866220735786,0.9204737732656515,0.8583333333333333,0.8573983076759379,0.857398307675938
support,300.0,300.0,300.0,300.0,0.8583333333333333,1200.0,1200.0
