,0_normal,1_ulcerative_colitis,2_polyps,3_esophagitis,accuracy,macro avg,weighted avg
precision,0.9367088607594937,0.8657718120805369,0.8668941979522184,0.9692832764505119,0.91,0.9096645368106901,0.9096645368106903
recall,0.9866666666666667,0.86,0.8466666666666667,0.9466666666666667,0.91,0.91,0.91
f1-score,0.961038961038961,0.8628762541806019,0.8566610455311974,0.957841483979764,0.91,0.9096044361826311,0.9096044361826311
support,300.0,300.0,300.0,300.0,0.91,1200.0,1200.0
