,0_normal,1_ulcerative_colitis,2_polyps,3_esophagitis,accuracy,macro avg,weighted avg
precision,1.0,0.8900709219858156,0.8519736842105263,0.9554140127388535,0.925,0.9243646547337989,0.9243646547337988
recall,1.0,0.8366666666666667,0.8633333333333333,1.0,0.925,0.925,0.925
f1-score,1.0,0.8625429553264605,0.8576158940397351,0.9771986970684039,0.925,0.9243393866086499,0.9243393866086499
support,300.0,300.0,300.0,300.0,0.925,1200.0,1200.0
