,0_normal,1_ulcerative_colitis,2_polyps,3_esophagitis,accuracy,macro avg,weighted avg
precision,1.0,0.9898648648648649,0.9769736842105263,1.0,0.9916666666666667,0.9917096372688479,0.991709637268848
recall,1.0,0.9766666666666667,0.99,1.0,0.9916666666666667,0.9916666666666667,0.9916666666666667
f1-score,1.0,0.9832214765100672,0.9834437086092715,1.0,0.9916666666666667,0.9916662962798347,0.9916662962798347
support,300.0,300.0,300.0,300.0,0.9916666666666667,1200.0,1200.0
