,0_normal,1_ulcerative_colitis,2_polyps,3_esophagitis,accuracy,macro avg,weighted avg
precision,0.9932885906040269,0.804635761589404,0.837037037037037,0.9090909090909091,0.8875,0.8860130745803443,0.8860130745803442
recall,0.9866666666666667,0.81,0.7533333333333333,1.0,0.8875,0.8875000000000001,0.8875
f1-score,0.9899665551839465,0.8073089700996678,0.7929824561403508,0.9523809523809523,0.8875,0.8856597334512293,0.8856597334512295
support,300.0,300.0,300.0,300.0,0.8875,1200.0,1200.0
