,0_normal_CLAHE,1_ulcerative_colitis_CLAHE,2_polyps_CLAHE,3_esophagitis_CLAHE,accuracy,macro avg,weighted avg
precision,0.9702970297029703,0.8007380073800738,0.7684887459807074,0.9206349206349206,0.8666666666666667,0.865039675924668,0.865039675924668
recall,0.98,0.7233333333333334,0.7966666666666666,0.9666666666666667,0.8666666666666667,0.8666666666666667,0.8666666666666667
f1-score,0.9751243781094527,0.7600700525394045,0.7823240589198036,0.943089430894309,0.8666666666666667,0.8651519801157426,0.8651519801157425
support,300.0,300.0,300.0,300.0,0.8666666666666667,1200.0,1200.0
