,0_normal,1_ulcerative_colitis,2_polyps,3_esophagitis,accuracy,macro avg,weighted avg
precision,0.9966777408637874,0.948220064724919,0.9790940766550522,0.9900990099009901,0.9783333333333334,0.9785227230361873,0.9785227230361873
recall,1.0,0.9766666666666667,0.9366666666666666,1.0,0.9783333333333334,0.9783333333333333,0.9783333333333334
f1-score,0.9983361064891847,0.9622331691297208,0.9574105621805791,0.9950248756218906,0.9783333333333334,0.9782511783553438,0.9782511783553438
support,300.0,300.0,300.0,300.0,0.9783333333333334,1200.0,1200.0
