,0_normal,1_ulcerative_colitis,2_polyps,3_esophagitis,accuracy,macro avg,weighted avg
precision,0.9933774834437086,0.8231046931407943,0.7891373801916933,0.9707792207792207,0.895,0.8940996943888542,0.8940996943888543
recall,1.0,0.76,0.8233333333333334,0.9966666666666667,0.895,0.895,0.895
f1-score,0.9966777408637874,0.7902946273830157,0.8058727569331159,0.9835526315789473,0.895,0.8940994391897166,0.8940994391897166
support,300.0,300.0,300.0,300.0,0.895,1200.0,1200.0
