,0_normal_MULTISCALE,1_ulcerative_colitis_MULTISCALE,2_polyps_MULTISCALE,3_esophagitis_MULTISCALE,accuracy,macro avg,weighted avg
precision,1.0,0.9932885906040269,0.9865319865319865,0.9836065573770492,0.9908333333333333,0.9908567836282656,0.9908567836282657
recall,1.0,0.9866666666666667,0.9766666666666667,1.0,0.9908333333333333,0.9908333333333333,0.9908333333333333
f1-score,1.0,0.9899665551839465,0.981574539363484,0.9917355371900827,0.9908333333333333,0.9908191579343784,0.9908191579343784
support,300.0,300.0,300.0,300.0,0.9908333333333333,1200.0,1200.0
