,0_normal,1_ulcerative_colitis,2_polyps,3_esophagitis,accuracy,macro avg,weighted avg
precision,0.943217665615142,0.9261744966442953,0.9146757679180887,0.9794520547945206,0.9408333333333333,0.9408799962430117,0.9408799962430116
recall,0.9966666666666667,0.92,0.8933333333333333,0.9533333333333334,0.9408333333333333,0.9408333333333334,0.9408333333333333
f1-score,0.9692058346839546,0.9230769230769231,0.9038785834738616,0.9662162162162162,0.9408333333333333,0.940594389362739,0.9405943893627389
support,300.0,300.0,300.0,300.0,0.9408333333333333,1200.0,1200.0
