,0_normal_CLAHE,1_ulcerative_colitis_CLAHE,2_polyps_CLAHE,3_esophagitis_CLAHE,accuracy,macro avg,weighted avg
precision,0.9739413680781759,0.889589905362776,0.9525547445255474,0.9735099337748344,0.9466666666666667,0.9473989879353334,0.9473989879353335
recall,0.9966666666666667,0.94,0.87,0.98,0.9466666666666667,0.9466666666666667,0.9466666666666667
f1-score,0.985172981878089,0.9141004862236628,0.9094076655052264,0.9767441860465117,0.9466666666666667,0.9463563299133725,0.9463563299133724
support,300.0,300.0,300.0,300.0,0.9466666666666667,1200.0,1200.0
