,0_normal_RAYLEIGH,1_ulcerative_colitis_RAYLEIGH,2_polyps_RAYLEIGH,3_esophagitis_RAYLEIGH,accuracy,macro avg,weighted avg
precision,1.0,0.8617021276595744,0.8258064516129032,0.974025974025974,0.9158333333333334,0.915383638324613,0.915383638324613
recall,1.0,0.81,0.8533333333333334,1.0,0.9158333333333334,0.9158333333333334,0.9158333333333334
f1-score,1.0,0.8350515463917526,0.839344262295082,0.9868421052631579,0.9158333333333334,0.9153094784874981,0.915309478487498
support,300.0,300.0,300.0,300.0,0.9158333333333334,1200.0,1200.0
