,0_normal,1_ulcerative_colitis,2_polyps,3_esophagitis,accuracy,macro avg,weighted avg
precision,0.884393063583815,0.5768566493955095,0.6333808844507846,0.8219633943427621,0.72125,0.7291484979432178,0.7291484979432178
recall,0.765,0.5566666666666666,0.74,0.8233333333333334,0.72125,0.72125,0.72125
f1-score,0.8203753351206433,0.5665818490245971,0.6825518831667946,0.8226477935054122,0.72125,0.7230392152043619,0.7230392152043618
support,600.0,600.0,600.0,600.0,0.72125,2400.0,2400.0
