,0_normal_CLAHE,1_ulcerative_colitis_CLAHE,2_polyps_CLAHE,3_esophagitis_CLAHE,accuracy,macro avg,weighted avg
precision,0.9966777408637874,0.8738170347003155,0.9267399267399268,0.9644012944983819,0.94,0.9404089992006028,0.9404089992006028
recall,1.0,0.9233333333333333,0.8433333333333334,0.9933333333333333,0.94,0.94,0.94
f1-score,0.9983361064891847,0.8978930307941654,0.8830715532286213,0.9786535303776683,0.94,0.9394885552224099,0.93948855522241
support,300.0,300.0,300.0,300.0,0.94,1200.0,1200.0
