,0_normal,1_ulcerative_colitis,2_polyps,3_esophagitis,accuracy,macro avg,weighted avg
precision,0.976897689768977,0.7864406779661017,0.7808219178082192,0.9451612903225807,0.8741666666666666,0.8723303939664697,0.8723303939664695
recall,0.9866666666666667,0.7733333333333333,0.76,0.9766666666666667,0.8741666666666666,0.8741666666666666,0.8741666666666666
f1-score,0.9817578772802654,0.7798319327731091,0.7702702702702703,0.9606557377049181,0.8741666666666666,0.8731289545071407,0.8731289545071407
support,300.0,300.0,300.0,300.0,0.8741666666666666,1200.0,1200.0
