,0_normal_MULTISCALE,1_ulcerative_colitis_MULTISCALE,2_polyps_MULTISCALE,3_esophagitis_MULTISCALE,accuracy,macro avg,weighted avg
precision,0.9966777408637874,0.8176100628930818,0.8686131386861314,0.9771986970684039,0.915,0.9150249098778511,0.9150249098778511
recall,1.0,0.8666666666666667,0.7933333333333333,1.0,0.915,0.915,0.915
f1-score,0.9983361064891847,0.8414239482200647,0.8292682926829269,0.9884678747940692,0.915,0.9143740555465614,0.9143740555465615
support,300.0,300.0,300.0,300.0,0.915,1200.0,1200.0
