,0_normal,1_ulcerative_colitis,2_polyps,3_esophagitis,accuracy,macro avg,weighted avg
precision,0.9945155393053017,0.7477243172951885,0.9610655737704918,0.9546979865771812,0.89875,0.9145008542370408,0.9145008542370409
recall,0.9066666666666666,0.9583333333333334,0.7816666666666666,0.9483333333333334,0.89875,0.8987499999999999,0.89875
f1-score,0.948561464690497,0.8400292184075967,0.8621323529411765,0.9515050167224081,0.89875,0.9005570131904196,0.9005570131904195
support,600.0,600.0,600.0,600.0,0.89875,2400.0,2400.0
