,0_normal_CLAHE,1_ulcerative_colitis_CLAHE,2_polyps_CLAHE,3_esophagitis_CLAHE,accuracy,macro avg,weighted avg
precision,1.0,0.8255451713395638,0.8805970149253731,0.9646302250803859,0.9175,0.9176931028363308,0.9176931028363307
recall,1.0,0.8833333333333333,0.7866666666666666,1.0,0.9175,0.9175,0.9175
f1-score,1.0,0.8534621578099839,0.8309859154929576,0.9819967266775776,0.9175,0.9166111999951299,0.9166111999951299
support,300.0,300.0,300.0,300.0,0.9175,1200.0,1200.0
