,0_normal_RAYLEIGH,1_ulcerative_colitis_RAYLEIGH,2_polyps_RAYLEIGH,3_esophagitis_RAYLEIGH,accuracy,macro avg,weighted avg
precision,1.0,0.9373040752351097,0.9964285714285714,0.9966777408637874,0.9816666666666667,0.9826025968818671,0.9826025968818674
recall,1.0,0.9966666666666667,0.93,1.0,0.9816666666666667,0.9816666666666667,0.9816666666666667
f1-score,1.0,0.9660743134087237,0.9620689655172413,0.9983361064891847,0.9816666666666667,0.9816198463537874,0.9816198463537874
support,300.0,300.0,300.0,300.0,0.9816666666666667,1200.0,1200.0
