,0_normal,1_ulcerative_colitis,2_polyps,3_esophagitis,accuracy,macro avg,weighted avg
precision,0.9424920127795527,0.9307958477508651,0.9342560553633218,0.9611650485436893,0.9425,0.9421772411093573,0.9421772411093573
recall,0.9833333333333333,0.8966666666666666,0.9,0.99,0.9425,0.9424999999999999,0.9425
f1-score,0.9624796084828712,0.9134125636672324,0.9168081494057725,0.9753694581280788,0.9425,0.9420174449209887,0.9420174449209888
support,300.0,300.0,300.0,300.0,0.9425,1200.0,1200.0
