,0_normal_CLAHE,1_ulcerative_colitis_CLAHE,2_polyps_CLAHE,3_esophagitis_CLAHE,accuracy,macro avg,weighted avg
precision,1.0,0.9430379746835443,0.9892086330935251,0.9771241830065359,0.9766666666666667,0.9773426976959014,0.9773426976959013
recall,1.0,0.9933333333333333,0.9166666666666666,0.9966666666666667,0.9766666666666667,0.9766666666666666,0.9766666666666667
f1-score,1.0,0.9675324675324676,0.9515570934256055,0.9867986798679869,0.9766666666666667,0.9764720602065151,0.976472060206515
support,300.0,300.0,300.0,300.0,0.9766666666666667,1200.0,1200.0
