,0_normal,1_ulcerative_colitis,2_polyps,3_esophagitis,accuracy,macro avg,weighted avg
precision,0.9423076923076923,0.8931034482758621,0.8956228956228957,0.9601328903654485,0.9233333333333333,0.9227917316429746,0.9227917316429747
recall,0.98,0.8633333333333333,0.8866666666666667,0.9633333333333334,0.9233333333333333,0.9233333333333333,0.9233333333333333
f1-score,0.9607843137254902,0.8779661016949152,0.8911222780569513,0.9617304492512478,0.9233333333333333,0.9229007856821512,0.9229007856821511
support,300.0,300.0,300.0,300.0,0.9233333333333333,1200.0,1200.0
