,0_normal_RAYLEIGH,1_ulcerative_colitis_RAYLEIGH,2_polyps_RAYLEIGH,3_esophagitis_RAYLEIGH,accuracy,macro avg,weighted avg
precision,1.0,0.9707792207792207,0.9965635738831615,0.9966777408637874,0.9908333333333333,0.9910051338815424,0.9910051338815424
recall,1.0,0.9966666666666667,0.9666666666666667,1.0,0.9908333333333333,0.9908333333333333,0.9908333333333333
f1-score,1.0,0.9835526315789473,0.9813874788494077,0.9983361064891847,0.9908333333333333,0.9908190542293849,0.990819054229385
support,300.0,300.0,300.0,300.0,0.9908333333333333,1200.0,1200.0
