,0_normal_MULTISCALE,1_ulcerative_colitis_MULTISCALE,2_polyps_MULTISCALE,3_esophagitis_MULTISCALE,accuracy,macro avg,weighted avg
precision,0.9638157894736842,0.8165137614678899,0.8943661971830986,0.9578947368421052,0.9058333333333334,0.9081476212416945,0.9081476212416946
recall,0.9766666666666667,0.89,0.8466666666666667,0.91,0.9058333333333334,0.9058333333333334,0.9058333333333334
f1-score,0.9701986754966887,0.8516746411483254,0.8698630136986302,0.9333333333333333,0.9058333333333334,0.9062674159192443,0.9062674159192443
support,300.0,300.0,300.0,300.0,0.9058333333333334,1200.0,1200.0
