,0_normal_CLAHE,1_ulcerative_colitis_CLAHE,2_polyps_CLAHE,3_esophagitis_CLAHE,accuracy,macro avg,weighted avg
precision,1.0,0.8548387096774194,0.8781362007168458,0.9646302250803859,0.925,0.9244012838686628,0.9244012838686628
recall,1.0,0.8833333333333333,0.8166666666666667,1.0,0.925,0.925,0.925
f1-score,1.0,0.8688524590163934,0.8462867012089811,0.9819967266775776,0.925,0.9242839717257381,0.924283971725738
support,300.0,300.0,300.0,300.0,0.925,1200.0,1200.0
