,0_normal,1_ulcerative_colitis,2_polyps,3_esophagitis,accuracy,macro avg,weighted avg
precision,0.9819819819819819,0.8692682926829268,0.7694545454545455,0.9686174724342663,0.89375,0.8973305731384302,0.89733057313843
recall,0.9991666666666666,0.7425,0.8816666666666667,0.9516666666666667,0.89375,0.89375,0.89375
f1-score,0.990499793473771,0.8008988764044944,0.8217475728155341,0.9600672551492223,0.89375,0.8933033744607555,0.8933033744607555
support,1200.0,1200.0,1200.0,1200.0,0.89375,4800.0,4800.0
