,0_normal,1_ulcerative_colitis,2_polyps,3_esophagitis,accuracy,macro avg,weighted avg
precision,0.9816849816849816,0.5784313725490197,0.7344827586206897,0.9956331877729258,0.7875,0.8225580751569042,0.8225580751569042
recall,0.8933333333333333,0.7866666666666666,0.71,0.76,0.7875,0.7874999999999999,0.7875
f1-score,0.9354275741710297,0.6666666666666666,0.7220338983050847,0.8620037807183365,0.7875,0.7965329799652794,0.7965329799652794
support,300.0,300.0,300.0,300.0,0.7875,1200.0,1200.0
