,0_normal_RAYLEIGH,1_ulcerative_colitis_RAYLEIGH,2_polyps_RAYLEIGH,3_esophagitis_RAYLEIGH,accuracy,macro avg,weighted avg
precision,1.0,0.9509803921568627,0.9625850340136054,0.99,0.9758333333333333,0.975891356542617,0.975891356542617
recall,1.0,0.97,0.9433333333333334,0.99,0.9758333333333333,0.9758333333333333,0.9758333333333333
f1-score,1.0,0.9603960396039604,0.9528619528619527,0.99,0.9758333333333333,0.9758144981164782,0.9758144981164784
support,300.0,300.0,300.0,300.0,0.9758333333333333,1200.0,1200.0
