,0_normal,1_ulcerative_colitis,2_polyps,3_esophagitis,accuracy,macro avg,weighted avg
precision,0.9659090909090909,0.34889148191365227,1.0,0.996,0.5316666666666666,0.8277001432056857,0.8277001432056857
recall,0.2833333333333333,0.9966666666666667,0.016666666666666666,0.83,0.5316666666666666,0.5316666666666666,0.5316666666666666
f1-score,0.4381443298969072,0.5168539325842696,0.03278688524590164,0.9054545454545454,0.5316666666666666,0.473309923295406,0.47330992329540594
support,300.0,300.0,300.0,300.0,0.5316666666666666,1200.0,1200.0
