,0_normal,1_ulcerative_colitis,2_polyps,3_esophagitis,accuracy,macro avg,weighted avg
precision,0.9514563106796117,0.8877887788778878,0.925531914893617,0.954248366013072,0.93,0.9297563426160471,0.9297563426160472
recall,0.98,0.8966666666666666,0.87,0.9733333333333334,0.93,0.9299999999999999,0.93
f1-score,0.9655172413793104,0.892205638474295,0.8969072164948454,0.9636963696369638,0.93,0.9295816164963536,0.9295816164963537
support,300.0,300.0,300.0,300.0,0.93,1200.0,1200.0
