,0_normal_RAYLEIGH,1_ulcerative_colitis_RAYLEIGH,2_polyps_RAYLEIGH,3_esophagitis_RAYLEIGH,accuracy,macro avg,weighted avg
precision,0.9287925696594427,0.7866666666666666,0.8127208480565371,0.9387755102040817,0.8683333333333333,0.8667388986466821,0.8667388986466821
recall,1.0,0.7866666666666666,0.7666666666666667,0.92,0.8683333333333333,0.8683333333333333,0.8683333333333333
f1-score,0.9630818619582664,0.7866666666666666,0.7890222984562608,0.9292929292929293,0.8683333333333333,0.8670159390935308,0.8670159390935307
support,300.0,300.0,300.0,300.0,0.8683333333333333,1200.0,1200.0
