,0_normal,1_ulcerative_colitis,2_polyps,3_esophagitis,accuracy,macro avg,weighted avg
precision,0.7487437185929648,0.6730769230769231,0.792,0.95,0.7783333333333333,0.790955160417472,0.790955160417472
recall,0.9933333333333333,0.7,0.66,0.76,0.7783333333333333,0.7783333333333333,0.7783333333333333
f1-score,0.853868194842407,0.6862745098039216,0.7200000000000001,0.8444444444444444,0.7783333333333333,0.7761467872726933,0.7761467872726933
support,300.0,300.0,300.0,300.0,0.7783333333333333,1200.0,1200.0
