,0_normal_CLAHE,1_ulcerative_colitis_CLAHE,2_polyps_CLAHE,3_esophagitis_CLAHE,accuracy,macro avg,weighted avg
precision,0.9867109634551495,0.9044585987261147,0.9436619718309859,0.973421926910299,0.9516666666666667,0.9520633652306374,0.9520633652306373
recall,0.99,0.9466666666666667,0.8933333333333333,0.9766666666666667,0.9516666666666667,0.9516666666666667,0.9516666666666667
f1-score,0.9883527454242927,0.9250814332247558,0.9178082191780823,0.9750415973377703,0.9516666666666667,0.9515709987912253,0.9515709987912252
support,300.0,300.0,300.0,300.0,0.9516666666666667,1200.0,1200.0
