,0_normal,1_ulcerative_colitis,2_polyps,3_esophagitis,accuracy,macro avg,weighted avg,modelName,modelTag
precision,1.0,0.9484193011647255,0.9521367521367521,0.9771986970684039,0.9695833333333334,0.9694386875924704,0.9694386875924704,13B_AugVotingModels,13B
recall,1.0,0.95,0.9283333333333333,1.0,0.9695833333333334,0.9695833333333334,0.9695833333333334,13B_AugVotingModels,13B
f1-score,1.0,0.9492089925062448,0.9400843881856539,0.9884678747940692,0.9695833333333334,0.969440313871492,0.9694403138714919,13B_AugVotingModels,13B
support,600.0,600.0,600.0,600.0,0.9695833333333334,2400.0,2400.0,13B_AugVotingModels,13B
