,0_normal_CLAHE,1_ulcerative_colitis_CLAHE,2_polyps_CLAHE,3_esophagitis_CLAHE,accuracy,macro avg,weighted avg
precision,0.9273927392739274,0.7351190476190477,0.8228346456692913,0.8729641693811075,0.8375,0.8395776504858434,0.8395776504858435
recall,0.9366666666666666,0.8233333333333334,0.6966666666666667,0.8933333333333333,0.8375,0.8374999999999999,0.8375
f1-score,0.9320066334991708,0.7767295597484276,0.7545126353790614,0.8830313014827017,0.8375,0.8365700325273404,0.8365700325273404
support,300.0,300.0,300.0,300.0,0.8375,1200.0,1200.0
