,0_normal_MULTISCALE,1_ulcerative_colitis_MULTISCALE,2_polyps_MULTISCALE,3_esophagitis_MULTISCALE,accuracy,macro avg,weighted avg
precision,0.9966777408637874,0.9767441860465116,0.9797297297297297,0.9900662251655629,0.9858333333333333,0.9858044704513979,0.9858044704513979
recall,1.0,0.98,0.9666666666666667,0.9966666666666667,0.9858333333333333,0.9858333333333333,0.9858333333333333
f1-score,0.9983361064891847,0.9783693843594009,0.9731543624161074,0.9933554817275748,0.9858333333333333,0.985803833748067,0.9858038337480669
support,300.0,300.0,300.0,300.0,0.9858333333333333,1200.0,1200.0
