,Unnamed: 0,0_normal,1_ulcerative_colitis,2_polyps,3_esophagitis,accuracy,macro avg,weighted avg,modelName,modelTag
0,precision,0.977198697068404,0.8731501057082452,0.7315068493150685,0.9742710120068612,0.88125,0.8890316660246447,0.8890316660246447,13_TransferLearningFineTuning_ResNet50V1_CLAHE_tunedAdamLrScheduler,13
1,recall,1.0,0.6883333333333334,0.89,0.9466666666666668,0.88125,0.8812500000000001,0.88125,13_TransferLearningFineTuning_ResNet50V1_CLAHE_tunedAdamLrScheduler,13
2,f1-score,0.9884678747940692,0.7698042870456664,0.8030075187969924,0.9602704987320372,0.88125,0.8803875448421914,0.8803875448421913,13_TransferLearningFineTuning_ResNet50V1_CLAHE_tunedAdamLrScheduler,13
3,support,600.0,600.0,600.0,600.0,0.88125,2400.0,2400.0,13_TransferLearningFineTuning_ResNet50V1_CLAHE_tunedAdamLrScheduler,13
