,Unnamed: 0,0_normal,1_ulcerative_colitis,2_polyps,3_esophagitis,accuracy,macro avg,weighted avg,modelName,modelTag
0,precision,0.9932998324958124,0.836764705882353,0.9501845018450183,0.9759036144578314,0.935,0.9390381636702538,0.9390381636702538,13_TransferLearningFineTuning_ResNet50V2_RAYLEIGH,13
1,recall,0.9883333333333332,0.9483333333333334,0.8583333333333333,0.945,0.935,0.935,0.935,13_TransferLearningFineTuning_ResNet50V2_RAYLEIGH,13
2,f1-score,0.9908103592314118,0.8890625000000001,0.9019264448336252,0.9602032176121932,0.935,0.9355006304193076,0.9355006304193074,13_TransferLearningFineTuning_ResNet50V2_RAYLEIGH,13
3,support,600.0,600.0,600.0,600.0,0.935,2400.0,2400.0,13_TransferLearningFineTuning_ResNet50V2_RAYLEIGH,13
