,Unnamed: 0,0_normal,1_ulcerative_colitis,2_polyps,3_esophagitis,accuracy,macro avg,weighted avg,modelName,modelTag
0,precision,1.0,0.6491228070175439,0.9774590163934426,0.9796296296296296,0.8575,0.901552863260154,0.901552863260154,13_TransferLearningFineTuning_MobileNetV2_NORMAL,13
1,recall,0.7666666666666667,0.9866666666666668,0.795,0.8816666666666667,0.8575,0.8575,0.8575,13_TransferLearningFineTuning_MobileNetV2_NORMAL,13
2,f1-score,0.8679245283018869,0.7830687830687831,0.8768382352941176,0.9280701754385966,0.8575,0.863975430525846,0.863975430525846,13_TransferLearningFineTuning_MobileNetV2_NORMAL,13
3,support,600.0,600.0,600.0,600.0,0.8575,2400.0,2400.0,13_TransferLearningFineTuning_MobileNetV2_NORMAL,13
