,Unnamed: 0,0_normal,1_ulcerative_colitis,2_polyps,3_esophagitis,accuracy,macro avg,weighted avg,modelName,modelTag
0,precision,0.875222816399287,0.6717877094972067,0.7575757575757576,0.9308855291576674,0.7929166666666667,0.8088679531574797,0.8088679531574796,13_TransferLearningFeatureExtraction_MobileNetV2_CLAHE_tunedAdamLrScheduler,13
1,recall,0.8183333333333334,0.8016666666666666,0.8333333333333334,0.7183333333333334,0.7929166666666667,0.7929166666666667,0.7929166666666667,13_TransferLearningFeatureExtraction_MobileNetV2_CLAHE_tunedAdamLrScheduler,13
2,f1-score,0.8458225667527993,0.7310030395136778,0.7936507936507938,0.8109125117591722,0.7929166666666667,0.7953472279191107,0.7953472279191108,13_TransferLearningFeatureExtraction_MobileNetV2_CLAHE_tunedAdamLrScheduler,13
3,support,600.0,600.0,600.0,600.0,0.7929166666666667,2400.0,2400.0,13_TransferLearningFeatureExtraction_MobileNetV2_CLAHE_tunedAdamLrScheduler,13
