,Unnamed: 0,0_normal,1_ulcerative_colitis,2_polyps,3_esophagitis,accuracy,macro avg,weighted avg,modelName,modelTag
0,precision,0.8716323296354992,0.8031088082901554,0.787085514834206,0.86709886547812,0.83375,0.8322313795594951,0.8322313795594952,13A_TransferLearningFineTuning_ResNet50V2_RAYLEIGH,13A
1,recall,0.9166666666666666,0.775,0.7516666666666667,0.8916666666666667,0.83375,0.83375,0.83375,13A_TransferLearningFineTuning_ResNet50V2_RAYLEIGH,13A
2,f1-score,0.8935824532900081,0.7888040712468193,0.7689684569479965,0.8792111750205424,0.83375,0.8326415391263415,0.8326415391263415,13A_TransferLearningFineTuning_ResNet50V2_RAYLEIGH,13A
3,support,600.0,600.0,600.0,600.0,0.83375,2400.0,2400.0,13A_TransferLearningFineTuning_ResNet50V2_RAYLEIGH,13A
