,Unnamed: 0,0_normal,1_ulcerative_colitis,2_polyps,3_esophagitis,accuracy,macro avg,weighted avg,modelName,modelTag
0,precision,0.9966777408637874,0.8043087971274686,0.7669291338582677,0.9818481848184818,0.8875,0.8874409641670014,0.8874409641670014,13A_BaseModel1_CLAHE,13A
1,recall,1.0,0.7466666666666667,0.8116666666666666,0.9916666666666668,0.8875,0.8875,0.8875,13A_BaseModel1_CLAHE,13A
2,f1-score,0.9983361064891848,0.7744165946413138,0.7886639676113361,0.9867330016583749,0.8875,0.8870374176000524,0.8870374176000523,13A_BaseModel1_CLAHE,13A
3,support,600.0,600.0,600.0,600.0,0.8875,2400.0,2400.0,13A_BaseModel1_CLAHE,13A
