,Unnamed: 0,0_normal,1_ulcerative_colitis,2_polyps,3_esophagitis,accuracy,macro avg,weighted avg,modelName,modelTag
0,precision,0.9802631578947368,0.914572864321608,0.9284497444633732,0.96875,0.9483333333333334,0.9480089416699296,0.9480089416699292,13A_TransferLearningFeatureExtraction_MobileNetV2_CLAHE_tunedAdamLrScheduler,13A
1,recall,0.9933333333333332,0.91,0.9083333333333332,0.9816666666666668,0.9483333333333334,0.9483333333333333,0.9483333333333334,13A_TransferLearningFeatureExtraction_MobileNetV2_CLAHE_tunedAdamLrScheduler,13A
2,f1-score,0.9867549668874172,0.912280701754386,0.9182813816343725,0.9751655629139072,0.9483333333333334,0.9481206532975208,0.9481206532975206,13A_TransferLearningFeatureExtraction_MobileNetV2_CLAHE_tunedAdamLrScheduler,13A
3,support,600.0,600.0,600.0,600.0,0.9483333333333334,2400.0,2400.0,13A_TransferLearningFeatureExtraction_MobileNetV2_CLAHE_tunedAdamLrScheduler,13A
