,Unnamed: 0,0_normal,1_ulcerative_colitis,2_polyps,3_esophagitis,accuracy,macro avg,weighted avg,modelName,modelTag
0,precision,0.926829268292683,0.7883683360258481,0.8194444444444444,0.9559322033898304,0.8725,0.8726435630382016,0.8726435630382016,13A_TransferLearningFineTuning_MobileNetV1_NORMAL,13A
1,recall,0.95,0.8133333333333334,0.7866666666666666,0.94,0.8725,0.8724999999999999,0.8725,13A_TransferLearningFineTuning_MobileNetV1_NORMAL,13A
2,f1-score,0.9382716049382716,0.8006562756357669,0.802721088435374,0.9478991596638656,0.8725,0.8723870321683196,0.8723870321683196,13A_TransferLearningFineTuning_MobileNetV1_NORMAL,13A
3,support,600.0,600.0,600.0,600.0,0.8725,2400.0,2400.0,13A_TransferLearningFineTuning_MobileNetV1_NORMAL,13A
