,0_normal,1_ulcerative_colitis,2_polyps,3_esophagitis,accuracy,macro avg,weighted avg
precision,0.9966386554621849,0.829004329004329,0.9538745387453874,0.9754385964912281,0.9335416666666667,0.9387390299257823,0.9387390299257823
recall,0.9883333333333333,0.9575,0.8616666666666667,0.9266666666666666,0.9335416666666667,0.9335416666666667,0.9335416666666667
f1-score,0.9924686192468619,0.888631090487239,0.9054290718038528,0.9504273504273504,0.9335416666666667,0.9342390329913259,0.9342390329913259
support,1200.0,1200.0,1200.0,1200.0,0.9335416666666667,4800.0,4800.0
