,0_normal_CLAHE,1_ulcerative_colitis_CLAHE,2_polyps_CLAHE,3_esophagitis_CLAHE,accuracy,macro avg,weighted avg
precision,0.9965870307167235,0.8434782608695652,0.6109936575052854,0.9901960784313726,0.8141666666666667,0.8603137568807366,0.8603137568807367
recall,0.9733333333333334,0.6466666666666666,0.9633333333333334,0.6733333333333333,0.8141666666666667,0.8141666666666667,0.8141666666666667
f1-score,0.984822934232715,0.7320754716981133,0.7477360931435963,0.8015873015873016,0.8141666666666667,0.8165554501654315,0.8165554501654316
support,300.0,300.0,300.0,300.0,0.8141666666666667,1200.0,1200.0
