,0_normal_RAYLEIGH,1_ulcerative_colitis_RAYLEIGH,2_polyps_RAYLEIGH,3_esophagitis_RAYLEIGH,accuracy,macro avg,weighted avg
precision,1.0,0.964516129032258,0.9965034965034965,0.9868421052631579,0.9866666666666667,0.986965432699728,0.986965432699728
recall,1.0,0.9966666666666667,0.95,1.0,0.9866666666666667,0.9866666666666666,0.9866666666666667
f1-score,1.0,0.980327868852459,0.9726962457337883,0.9933774834437086,0.9866666666666667,0.986600399507489,0.9866003995074889
support,300.0,300.0,300.0,300.0,0.9866666666666667,1200.0,1200.0
