,0_normal,1_ulcerative_colitis,2_polyps,3_esophagitis,accuracy,macro avg,weighted avg
precision,1.0,0.8103975535168195,0.8828125,0.9463722397476341,0.9091666666666667,0.9098955733161134,0.9098955733161135
recall,1.0,0.8833333333333333,0.7533333333333333,1.0,0.9091666666666667,0.9091666666666667,0.9091666666666667
f1-score,1.0,0.8452950558213715,0.8129496402877697,0.9724473257698542,0.9091666666666667,0.9076730054697488,0.9076730054697486
support,300.0,300.0,300.0,300.0,0.9091666666666667,1200.0,1200.0
