,0_normal,1_ulcerative_colitis,2_polyps,3_esophagitis,accuracy,macro avg,weighted avg
precision,1.0,0.8842105263157894,0.8538205980066446,0.9554140127388535,0.9241666666666667,0.9233612842653218,0.9233612842653218
recall,1.0,0.84,0.8566666666666667,1.0,0.9241666666666667,0.9241666666666666,0.9241666666666667
f1-score,1.0,0.8615384615384616,0.8552412645590682,0.9771986970684039,0.9241666666666667,0.9234946057914835,0.9234946057914835
support,300.0,300.0,300.0,300.0,0.9241666666666667,1200.0,1200.0
