,0_normal,1_ulcerative_colitis,2_polyps,3_esophagitis,accuracy,macro avg,weighted avg
precision,0.8870967741935484,0.8321678321678322,0.8383838383838383,0.8859934853420195,0.8616666666666667,0.8609104825218096,0.8609104825218096
recall,0.9166666666666666,0.7933333333333333,0.83,0.9066666666666666,0.8616666666666667,0.8616666666666667,0.8616666666666667
f1-score,0.9016393442622951,0.8122866894197952,0.8341708542713568,0.8962108731466226,0.8616666666666667,0.8610769402750174,0.8610769402750174
support,300.0,300.0,300.0,300.0,0.8616666666666667,1200.0,1200.0
