,0_normal_MULTISCALE,1_ulcerative_colitis_MULTISCALE,2_polyps_MULTISCALE,3_esophagitis_MULTISCALE,accuracy,macro avg,weighted avg
precision,0.970873786407767,0.80625,0.8697318007662835,0.964516129032258,0.9033333333333333,0.902842929051577,0.9028429290515771
recall,1.0,0.86,0.7566666666666667,0.9966666666666667,0.9033333333333333,0.9033333333333333,0.9033333333333333
f1-score,0.9852216748768473,0.8322580645161289,0.8092691622103387,0.980327868852459,0.9033333333333333,0.9017691926139435,0.9017691926139435
support,300.0,300.0,300.0,300.0,0.9033333333333333,1200.0,1200.0
